siret,montant_ht,montant_ttc,tva_rate,ocr_confidence
12019195284431,10417.72,10417.72,0.0,0.95
78901234567890,1164.5,1397.4,20.0,0.91
88535027172956,44634.3,53561.16,20.0,0.96
97402365176496,55611.11,61172.22,10.0,0.99
15167863995377,11365.61,12502.17,10.0,0.95
17299941293696,51246.2,56370.82,10.0,0.93
89012345678901,1219.2,1463.04,20.0,0.97
78901234567890,1478.3,1773.96,20.0,0.99
45678901234567,1643.05,1733.42,5.5,0.95
75879978923877,8001.98,8802.18,10.0,0.93
90123456789012,57566.15,69079.38,20.0,0.92
78901234567890,511.7,539.84,5.5,0.99
38813963103096,8390.51,9229.56,10.0,0.88
67890123456789,26021.47,31225.76,20.0,0.94
90123456789012,50492.44,60590.93,20.0,0.94
23944072893488,53804.56,56763.81,5.5,0.89
56624049303278,38869.91,42756.9,10.0,0.9
73609720919604,37294.98,44753.98,20.0,0.87
90123456789012,49766.02,59719.22,20.0,0.9
79906330678949,30215.83,36259.0,20.0,0.9
10000000410009,23174.69,27809.63,20.0,0.97
32345678901234,32895.17,39474.2,20.0,0.9
45678901234567,549.1,579.3,5.5,0.91
75983628882791,27296.68,32756.02,20.0,0.9
56789012345678,19815.45,23778.54,20.0,0.94
78901234567890,733.44,880.13,20.0,0.97
45269101250095,46656.51,46656.51,0.0,0.93
15727691015572,8088.92,9706.7,20.0,0.88
50418677962492,25680.51,28248.56,10.0,0.88
78420230500648,35642.1,42770.52,20.0,0.88
35612979364221,30206.56,30206.56,0.0,0.86
67890123456789,18385.36,22062.43,20.0,0.86
11223344556677,81951.61,81951.61,0.0,0.94
83277314310583,57131.08,57131.08,0.0,0.95
67890123456789,37266.98,44720.38,20.0,0.86
89012345678901,3548.63,4258.36,20.0,0.9
90123456789012,66988.56,80386.27,20.0,0.97
10000000410009,27152.13,32582.56,20.0,0.91
14847791487259,53571.99,64286.39,20.0,0.94
90123456789012,41522.85,49827.42,20.0,0.96
44306184100047,4974.28,5969.14,20.0,0.94
10000000410009,19419.78,23303.74,20.0,0.9
12291379846733,6924.74,8309.69,20.0,0.95
56789012345678,23606.73,28328.08,20.0,0.95
61696138143123,794.98,794.98,0.0,0.97
67890123456789,5658.28,6789.94,20.0,0.89
59097344879936,48592.25,58310.7,20.0,0.92
90123456789012,69871.31,83845.57,20.0,0.95
89012345678901,3644.22,4373.06,20.0,0.96
11223344556677,70669.28,70669.28,0.0,0.9
45678901234567,2695.73,2844.0,5.5,0.93
67890123456789,27290.7,32748.84,20.0,0.84
56789012345678,19596.49,23515.79,20.0,0.99
78901234567890,344.7,413.64,20.0,0.99
11223344556677,74890.32,74890.32,0.0,0.9
78901234567890,1421.73,1499.93,5.5,0.99
44306184100047,2103.1,2523.72,20.0,0.97
67890123456789,30373.15,36447.78,20.0,0.94
89012345678901,2410.91,2893.09,20.0,0.96
95860218404924,5397.94,6477.53,20.0,0.89
11223344556677,59359.04,59359.04,0.0,0.92
17815973526590,44653.62,53584.34,20.0,0.9
64015580497868,4056.99,4280.12,5.5,0.96
17618434772817,51003.6,61204.32,20.0,0.94
90123456789012,73089.42,87707.3,20.0,0.98
67890123456789,5265.14,6318.17,20.0,0.9
35576734500858,2549.26,2549.26,0.0,0.91
40464184409002,35535.69,42642.83,20.0,0.92
41013275415976,26813.76,26813.76,0.0,0.97
67890123456789,5265.41,6318.49,20.0,0.88
11223344556677,66047.84,66047.84,0.0,0.9
43562617631898,6902.16,7281.78,5.5,0.99
44306184100047,2983.62,3580.34,20.0,0.89
62039742119094,48489.66,53338.63,10.0,0.98
56789012345678,12193.47,14632.16,20.0,0.97
70110108569624,12663.38,12663.38,0.0,0.96
89012345678901,2828.93,3394.72,20.0,0.95
44306184100047,3231.66,3877.99,20.0,0.99
84443074616782,59232.64,71079.17,20.0,0.92
61714323089731,10839.91,13007.89,20.0,0.99
89012345678901,1739.83,2087.8,20.0,0.92
90640531486052,59242.23,71090.68,20.0,0.91
67854148188844,18161.9,21794.28,20.0,0.9
89012345678901,2948.66,3538.39,20.0,0.96
90123456789012,33224.66,39869.59,20.0,0.91
56789012345678,6275.74,7530.89,20.0,0.97
10000000410009,36129.98,43355.98,20.0,0.89
44306184100047,6620.17,7944.2,20.0,0.96
56789012345678,10959.27,13151.12,20.0,0.95
51938644529370,52043.59,62452.31,20.0,0.92
31961543110007,357.23,428.68,20.0,0.91
53979372276919,1446.57,1591.23,10.0,0.97
32345678901234,68663.28,82395.94,20.0,0.95
10000000410009,45439.51,54527.41,20.0,0.97
44306184100047,2491.0,2989.2,20.0,0.99
72135467070288,21455.55,25746.66,20.0,0.89
89012345678901,3493.9,4192.68,20.0,0.94
78901234567890,146.12,154.16,5.5,0.99
96931149474102,27113.5,28604.74,5.5,0.89
98002273554461,5893.89,7072.67,20.0,0.96
45678901234567,583.7,642.07,10.0,0.96
52616755968110,37148.11,44577.73,20.0,0.92
89012345678901,3257.51,3909.01,20.0,0.92
45678901234567,407.66,448.43,10.0,0.97
10000000410009,46255.94,55507.13,20.0,0.95
32719696311826,839.01,839.01,0.0,0.88
14003960714265,7249.34,7974.27,10.0,0.82
90123456789012,20406.4,24487.68,20.0,0.94
11223344556677,41289.82,41289.82,0.0,0.94
90123456789012,13604.15,16324.98,20.0,0.88
90123456789012,78764.93,94517.92,20.0,0.95
56789012345678,15114.14,18136.97,20.0,0.96
10000000410009,47642.86,57171.43,20.0,0.91
90123456789012,40926.59,49111.91,20.0,0.92
79163522496749,28483.43,30050.02,5.5,0.94
45678901234567,2619.66,2881.63,10.0,0.95
56789012345678,15704.45,18845.34,20.0,0.97
56789012345678,5169.38,6203.26,20.0,0.96
94434755344296,26636.43,29300.07,10.0,0.97
85987932854926,33938.28,37332.11,10.0,0.95
10000000410009,30937.06,37124.47,20.0,0.98
74309763424894,36063.33,39669.66,10.0,0.95
11223344556677,26450.6,26450.6,0.0,0.96
78901234567890,1622.57,1711.81,5.5,0.96
67890123456789,13908.6,16690.32,20.0,0.9
10000000410009,30395.54,36474.65,20.0,0.92
28361442026828,37810.56,45372.67,20.0,0.97
35433191954120,7141.48,7534.26,5.5,0.89
56789012345678,22974.61,27569.53,20.0,0.99
53441315820956,36239.44,39863.38,10.0,0.93
10000000410009,39058.47,46870.16,20.0,0.89
32099159963194,43728.12,52473.74,20.0,0.95
90123456789012,60680.96,72817.15,20.0,0.94
56789012345678,20390.96,24469.15,20.0,0.99
89012345678901,3690.46,4428.55,20.0,0.93
11223344556677,42235.07,42235.07,0.0,0.92
68493127809285,48240.76,53064.84,10.0,0.92
10000000410009,30686.11,36823.33,20.0,0.94
45821634027508,33078.06,34897.35,5.5,0.89
78901234567890,1029.1,1234.92,20.0,0.99
89012345678901,2949.16,3538.99,20.0,0.94
90123456789012,71847.28,86216.74,20.0,0.93
10000000410009,42924.13,51508.96,20.0,0.94
67890123456789,3128.2,3753.84,20.0,0.87
67890123456789,33169.06,39802.87,20.0,0.89
73673311066579,29767.57,29767.57,0.0,0.97
32345678901234,29917.85,35901.42,20.0,0.92
89012345678901,1987.37,2384.84,20.0,0.89
49885649584952,8837.65,10605.18,20.0,0.97
16441907349286,58178.89,69814.67,20.0,0.91
85420240945824,12305.4,14766.48,20.0,0.84
85041529797113,39543.31,47451.97,20.0,0.96
32345678901234,99632.97,119559.56,20.0,0.9
78901234567890,904.53,954.28,5.5,0.96
22545282232285,42433.8,50920.56,20.0,0.96
32345678901234,76592.9,91911.48,20.0,0.95
69250497690061,21239.58,23363.54,10.0,0.93
90123456789012,78584.99,94301.99,20.0,0.94
30819183295406,22437.6,26925.12,20.0,0.96
10000000410009,24275.8,29130.96,20.0,0.94
89012345678901,1560.77,1872.92,20.0,0.88
78901234567890,1946.37,2335.64,20.0,0.93
45678901234567,2092.43,2301.67,10.0,0.93
99600136357000,47913.39,47913.39,0.0,0.91
67890123456789,21758.95,26110.74,20.0,0.86
75969656657975,43378.37,52054.04,20.0,0.92
90005449530492,48788.2,53667.02,10.0,0.93
32345678901234,103202.59,123843.11,20.0,0.87
52170297903769,19632.16,19632.16,0.0,0.97
89012345678901,3461.38,4153.66,20.0,0.93
19151258314755,46980.51,46980.51,0.0,0.91
38568350744444,30198.25,36237.9,20.0,0.9
38395901361524,29867.41,29867.41,0.0,0.98
11223344556677,27527.18,27527.18,0.0,0.89
89012345678901,3415.75,4098.9,20.0,0.87
11223344556677,75541.34,75541.34,0.0,0.91
56789012345678,12106.46,14527.75,20.0,0.95
10000000410009,31663.26,37995.91,20.0,0.91
27732086925252,38278.09,42105.9,10.0,0.96
32345678901234,35494.52,42593.42,20.0,0.92
37149306184105,42309.14,42309.14,0.0,0.97
78901234567890,468.7,562.44,20.0,0.95
56729815116645,10602.33,12722.8,20.0,0.9
32345678901234,31488.53,37786.24,20.0,0.94
45678901234567,541.25,595.38,10.0,0.97
45678901234567,2104.31,2314.74,10.0,0.99
32345678901234,96734.95,116081.94,20.0,0.91
44306184100047,4876.5,5851.8,20.0,0.91
36977504088637,32000.03,38400.04,20.0,0.99
82265658526691,35631.25,42757.5,20.0,0.95
89012345678901,2127.46,2552.95,20.0,0.95
62850431381043,53492.77,53492.77,0.0,0.88
56789012345678,17008.46,20410.15,20.0,0.99
36029242823323,47412.54,52153.79,10.0,0.89
37456038747680,42745.32,51294.38,20.0,0.98
10000000410009,38386.6,46063.92,20.0,0.88
16163938087493,7757.13,9308.56,20.0,0.94
90123456789012,76752.65,92103.18,20.0,0.93
10000000410009,38909.71,46691.65,20.0,0.9
89012345678901,3579.2,4295.04,20.0,0.89
91477447119867,7577.1,7577.1,0.0,0.96
10000000410009,43774.05,52528.86,20.0,0.91
78901234567890,1853.61,2224.33,20.0,0.98
32345678901234,41273.88,49528.66,20.0,0.94
45678901234567,987.8,1086.58,10.0,0.95
86900084255048,8204.87,9845.84,20.0,0.93
10000000410009,42149.27,50579.12,20.0,0.89
54987307229493,46299.73,55559.68,20.0,0.95
89012345678901,3294.48,3953.38,20.0,0.91
96692063401878,57610.76,60779.35,5.5,0.96
45678901234567,724.48,764.33,5.5,0.92
67890123456789,16510.92,19813.1,20.0,0.86
78901234567890,1560.01,1645.81,5.5,0.94
89012345678901,4268.82,5122.58,20.0,0.96
78901234567890,720.87,760.52,5.5,0.98
45678901234567,1921.58,2113.74,10.0,0.94
90123456789012,61790.46,74148.55,20.0,0.92
42229536351277,50831.4,55914.54,10.0,0.92
44306184100047,6753.09,8103.71,20.0,0.95
25287827760983,19797.6,23757.12,20.0,0.95
11223344556677,57406.81,57406.81,0.0,0.93
90611016487877,40378.78,48454.54,20.0,0.88
11223344556677,51731.6,51731.6,0.0,0.89
65474321542248,22476.14,22476.14,0.0,0.94
90123456789012,60183.68,72220.42,20.0,0.94
27733404034880,31276.14,37531.37,20.0,0.96
11223344556677,60685.17,60685.17,0.0,0.85
67890123456789,24153.5,28984.2,20.0,0.91
67508977803223,6709.14,7380.05,10.0,0.92
24014605948390,44294.12,44294.12,0.0,0.92
32345678901234,85656.41,102787.69,20.0,0.96
78901234567890,1977.15,2085.89,5.5,0.99
33188998149876,16628.97,19954.76,20.0,0.94
78901234567890,1156.59,1387.91,20.0,0.93
53739954151536,3806.91,4568.29,20.0,0.92
90257046246496,47681.36,57217.63,20.0,0.99
67890123456789,14709.89,17651.87,20.0,0.89
89012345678901,2339.68,2807.62,20.0,0.9
45678901234567,2132.67,2345.94,10.0,0.9
66381731396910,41732.72,41732.72,0.0,0.91
45678901234567,1245.25,1313.74,5.5,0.96
89012345678901,3490.5,4188.6,20.0,0.93
74185709513346,5086.92,5595.61,10.0,0.89
56789012345678,6370.08,7644.1,20.0,0.93
84423253367233,13098.18,13818.58,5.5,0.95
32345678901234,50436.46,60523.75,20.0,0.97
89012345678901,3158.12,3789.74,20.0,0.93
32345678901234,110169.62,132203.54,20.0,0.91
45678901234567,2505.35,2643.14,5.5,0.97
57544859703883,46902.83,56283.4,20.0,0.97
89012345678901,1169.77,1403.72,20.0,0.93
53465601852695,14260.14,17112.17,20.0,0.93
43118042187945,43312.04,51974.45,20.0,0.93
45678901234567,1249.76,1318.5,5.5,0.99
56789012345678,14048.75,16858.5,20.0,0.95
40230025320635,26825.23,29507.75,10.0,0.91
33080280163697,43130.65,43130.65,0.0,0.85
56789012345678,24061.93,28874.32,20.0,0.98
11223344556677,35787.12,35787.12,0.0,0.9
89012345678901,4489.6,5387.52,20.0,0.91
30083228786951,26799.32,32159.18,20.0,0.94
45678901234567,690.25,759.28,10.0,0.93
45678901234567,2415.87,2548.74,5.5,0.91
39014870086626,49029.14,51725.74,5.5,0.89
25481344781789,41070.36,49284.43,20.0,0.96
86190920371615,41074.51,43333.61,5.5,0.95
63160520669572,10149.19,12179.03,20.0,0.98
37271117261644,39624.32,47549.18,20.0,0.9
57215320436925,3886.99,4275.69,10.0,0.96
11223344556677,98682.52,98682.52,0.0,0.9
50909924143243,28146.33,28146.33,0.0,0.97
89012345678901,993.08,1191.7,20.0,0.95
32345678901234,97087.47,116504.96,20.0,0.9
10000000410009,32810.52,39372.62,20.0,0.89
89012345678901,2303.27,2763.92,20.0,0.93
67890123456789,36901.35,44281.62,20.0,0.9
10000000410009,26812.52,32175.02,20.0,0.95
75746096487283,26242.15,31490.58,20.0,0.94
45678901234567,1985.56,2184.12,10.0,0.88
10000000410009,33694.33,40433.2,20.0,0.88
24850906453356,46000.38,55200.46,20.0,0.91
62199620596721,8021.07,9625.28,20.0,0.99
32344459038466,36262.2,39888.42,10.0,0.95
75323491366462,29174.4,35009.28,20.0,0.94
78901234567890,1257.39,1508.87,20.0,0.96
67890123456789,9012.38,10814.86,20.0,0.9
32548703810598,55747.31,61322.04,10.0,0.99
56789012345678,10944.75,13133.7,20.0,0.95
90123456789012,17647.96,21177.55,20.0,0.87
24332264954168,42780.61,51336.73,20.0,0.98
68619578979001,55821.74,55821.74,0.0,0.91
71338938458329,30836.23,37003.48,20.0,0.93
74768454987629,49858.88,59830.66,20.0,0.91
67890123456789,19980.14,23976.17,20.0,0.89
10000000410009,31613.61,37936.33,20.0,0.89
78901234567890,503.62,604.34,20.0,0.99
32345678901234,119098.6,142918.32,20.0,0.87
78901234567890,154.43,162.92,5.5,0.98
45678901234567,2613.99,2757.76,5.5,0.97
48371743128977,9044.31,9948.74,10.0,0.96
78901234567890,164.25,173.28,5.5,0.92
44306184100047,7194.95,8633.94,20.0,0.94
44306184100047,3723.4,4468.08,20.0,0.92
32345678901234,42424.49,50909.39,20.0,0.89
80431604455703,12287.07,12962.86,5.5,0.85
78901234567890,796.88,840.71,5.5,0.99
91694749567682,10844.4,11440.84,5.5,0.84
28601691221027,14975.74,14975.74,0.0,0.87
45011099692860,34244.66,36128.12,5.5,0.88
56789012345678,23117.71,27741.25,20.0,0.91
97321327811405,52862.75,63435.3,20.0,0.97
32345678901234,97574.1,117088.92,20.0,0.89
44306184100047,4830.14,5796.17,20.0,0.96
78901234567890,1094.25,1154.43,5.5,0.94
78901234567890,1583.77,1670.88,5.5,0.98
56789012345678,22775.57,27330.68,20.0,0.93
31676710451310,15834.35,19001.22,20.0,0.93
89012345678901,3773.89,4528.67,20.0,0.94
78901234567890,1312.19,1384.36,5.5,0.94
13129261586038,59147.31,70976.77,20.0,0.9
90123456789012,37476.88,44972.26,20.0,0.97
89012345678901,1811.75,2174.1,20.0,0.95
93812614886134,56043.12,59125.49,5.5,0.9
56789012345678,15192.84,18231.41,20.0,0.97
32345678901234,78734.03,94480.84,20.0,0.94
99123853538861,25892.23,31070.68,20.0,0.92
53046153607418,27270.83,32725.0,20.0,0.9
78243749819736,10930.47,13116.56,20.0,0.95
49140613640875,19120.57,19120.57,0.0,0.82
38741656035938,7621.1,8040.26,5.5,0.87
44306184100047,1500.04,1800.05,20.0,0.93
93761741691294,32278.14,38733.77,20.0,0.93
90123456789012,12503.38,15004.06,20.0,0.97
30917302136567,3368.57,3553.84,5.5,0.96
48837887085793,12680.99,15217.19,20.0,0.92
90123456789012,52213.59,62656.31,20.0,0.93
67890123456789,1026.36,1231.63,20.0,0.91
85083799217647,4804.88,5765.86,20.0,0.91
81532042523576,58106.22,69727.46,20.0,0.85
46951318161063,5196.23,6235.48,20.0,0.87
11223344556677,46490.59,46490.59,0.0,0.87
67890123456789,32109.74,38531.69,20.0,0.92
83272307477429,6648.05,7977.66,20.0,0.91
56789012345678,9785.29,11742.35,20.0,0.92
46612879898253,9040.15,9944.17,10.0,0.95
44306184100047,7488.17,8985.8,20.0,0.91
50979098372154,26429.28,29072.21,10.0,0.93
89012345678901,1068.12,1281.74,20.0,0.94
78901234567890,770.33,812.7,5.5,0.99
78901234567890,1012.05,1214.46,20.0,0.98
10000000410009,32211.13,38653.36,20.0,0.95
32345678901234,73060.48,87672.58,20.0,0.93
90123456789012,77185.64,92622.77,20.0,0.94
20912014100051,32365.09,38838.11,20.0,0.91
89012345678901,2467.16,2960.59,20.0,0.95
10000000410009,30528.75,36634.5,20.0,0.93
26686370608885,4373.79,4373.79,0.0,0.9
79860059565513,31230.38,37476.46,20.0,0.95
89012345678901,2535.05,3042.06,20.0,0.94
10000000410009,41312.19,49574.63,20.0,0.92
11223344556677,52568.83,52568.83,0.0,0.94
44306184100047,4623.53,5548.24,20.0,0.96
17889611836919,54515.97,59967.57,10.0,0.88
56789012345678,22353.71,26824.45,20.0,0.99
71344547541927,8781.98,10538.38,20.0,0.94
44306184100047,5087.58,6105.1,20.0,0.92
90123456789012,69428.99,83314.79,20.0,0.94
45678901234567,550.48,605.53,10.0,0.94
78901234567890,1292.57,1363.66,5.5,0.99
29391000642914,7466.71,7877.38,5.5,0.96
32345678901234,113905.31,136686.37,20.0,0.94
29737254733890,28300.19,31130.21,10.0,0.96
49040118474729,38790.4,40923.87,5.5,0.91
32345678901234,77410.0,92892.0,20.0,0.96
89012345678901,3254.85,3905.82,20.0,0.89
44306184100047,1202.71,1443.25,20.0,0.94
44306184100047,7395.4,8874.48,20.0,0.95
45678901234567,2270.09,2497.1,10.0,0.99
77838121781257,1286.68,1544.02,20.0,0.86
29619582754367,40712.7,40712.7,0.0,0.92
40736638190195,36876.58,36876.58,0.0,0.96
58223658330652,38146.68,45776.02,20.0,0.9
78901234567890,1946.49,2335.79,20.0,0.99
16400709493836,9768.84,11722.61,20.0,0.9
34333062196042,29347.76,35217.31,20.0,0.91
77762282087541,9407.64,11289.17,20.0,0.99
39727809923006,39783.0,47739.6,20.0,0.96
45678901234567,2292.55,2418.64,5.5,0.96
81591422724583,55953.24,59030.67,5.5,0.88
11223344556677,18599.83,18599.83,0.0,0.95
40579747248835,54533.31,65439.97,20.0,0.98
88705515315252,3226.97,3872.36,20.0,0.94
45678901234567,2211.92,2433.11,10.0,0.91
32345678901234,106424.69,127709.63,20.0,0.92
89012345678901,2361.07,2833.28,20.0,0.92
45678901234567,2787.23,3065.95,10.0,0.95
90123456789012,67606.13,81127.36,20.0,0.96
90532953472658,28242.12,33890.54,20.0,0.96
11223344556677,20464.15,20464.15,0.0,0.88
11223344556677,32798.15,32798.15,0.0,0.94
32345678901234,29013.34,34816.01,20.0,0.89
56789012345678,23288.97,27946.76,20.0,0.99
85944636647545,6902.1,8282.52,20.0,0.92
11223344556677,32265.69,32265.69,0.0,0.91
65634806732558,39169.68,41324.01,5.5,0.8
45678901234567,2102.35,2217.98,5.5,0.99
45678901234567,2379.84,2617.82,10.0,0.95
82541912918764,39040.86,46849.03,20.0,0.94
28172482271030,32233.54,38680.25,20.0,0.9
21628563520507,45677.9,48190.18,5.5,0.88
55694143534346,50706.76,60848.11,20.0,0.9
90123456789012,73323.99,87988.79,20.0,0.91
73323581589143,37466.24,41212.86,10.0,0.88
90123456789012,35409.22,42491.06,20.0,0.92
67890123456789,22965.59,27558.71,20.0,0.93
10000000410009,34317.11,41180.53,20.0,0.91
36814353331645,56768.53,62445.38,10.0,0.92
44306184100047,7424.49,8909.39,20.0,0.96
30212485797073,12546.25,15055.5,20.0,0.97
89012345678901,3989.14,4786.97,20.0,0.96
32345678901234,26082.54,31299.05,20.0,0.93
67890123456789,7511.56,9013.87,20.0,0.9
90056606312369,23677.93,26045.72,10.0,0.93
47411814856628,31788.35,38146.02,20.0,0.87
11223344556677,92816.93,92816.93,0.0,0.88
27423747609654,55213.87,58250.63,5.5,0.91
18784471633839,22216.45,26659.74,20.0,0.94
45678901234567,1773.09,1950.4,10.0,0.95
32345678901234,88682.1,106418.52,20.0,0.96
89012345678901,2312.9,2775.48,20.0,0.89
89012345678901,1561.29,1873.55,20.0,0.89
19679753091728,23400.67,24687.71,5.5,0.95
49724886107745,46099.7,55319.64,20.0,0.94
11223344556677,74044.52,74044.52,0.0,0.9
44306184100047,7518.01,9021.61,20.0,0.96
44306184100047,6543.64,7852.37,20.0,0.94
67890123456789,3945.13,4734.16,20.0,0.88
71378994727265,4155.74,4986.89,20.0,0.95
64827858948269,11324.0,11324.0,0.0,0.92
18055687084941,58520.77,64372.85,10.0,0.93
35197611219345,51421.05,61705.26,20.0,0.84
10000000410009,27662.28,33194.74,20.0,0.93
95137038305450,9926.18,10472.12,5.5,0.88
16194060303337,24999.23,24999.23,0.0,0.94
18893455418776,13312.01,13312.01,0.0,0.93
67890123456789,20089.88,24107.86,20.0,0.93
78901234567890,137.0,144.53,5.5,0.95
44306184100047,5189.75,6227.7,20.0,0.94
47631367095319,3266.59,3919.91,20.0,0.91
10000000410009,44985.62,53982.74,20.0,0.85
39998731311328,14417.24,17300.69,20.0,0.94
45678901234567,771.26,813.68,5.5,0.93
56789012345678,5915.15,7098.18,20.0,0.98
44306184100047,2779.06,3334.87,20.0,0.97
67890123456789,15973.82,19168.58,20.0,0.9
63731160461155,39021.16,41167.32,5.5,0.95
32345678901234,44356.89,53228.27,20.0,0.91
39882825535144,776.71,819.43,5.5,0.95
85089109140020,14369.18,14369.18,0.0,0.87
45678901234567,647.16,711.88,10.0,0.99
78901234567890,1887.45,2264.94,20.0,0.99
12684817950201,17620.49,21144.59,20.0,0.85
56789012345678,7241.85,8690.22,20.0,0.93
22773228235724,1054.22,1265.06,20.0,0.95
74418973873827,7850.17,9420.2,20.0,0.88
32345678901234,44774.37,53729.24,20.0,0.91
75800836654383,26007.09,28607.8,10.0,0.94
45678901234567,873.58,960.94,10.0,0.97
39494764764429,26136.83,28750.51,10.0,0.87
60491713402087,52866.28,58152.91,10.0,0.96
19000494993283,49086.23,49086.23,0.0,0.94
67890123456789,4632.52,5559.02,20.0,0.86
56789012345678,23435.25,28122.3,20.0,0.97
67890123456789,39488.42,47386.1,20.0,0.94
45678901234567,1032.81,1089.61,5.5,0.94
30071531750037,56322.04,67586.45,20.0,0.99
96477160504040,15249.97,18299.96,20.0,0.93
96938298356955,44021.31,52825.57,20.0,0.89
78901234567890,1539.9,1847.88,20.0,0.89
56789012345678,3260.72,3912.86,20.0,0.94
94034757906836,31940.48,33697.21,5.5,0.96
73203309451928,9024.06,10828.87,20.0,0.9
19339433591699,21176.2,25411.44,20.0,0.87
63758766109828,56744.81,62419.29,10.0,0.97
94669541059577,35487.48,35487.48,0.0,0.92
56789012345678,6172.21,7406.65,20.0,0.96
11223344556677,26843.72,26843.72,0.0,0.92
11223344556677,58744.54,58744.54,0.0,0.96
90123456789012,47953.89,57544.67,20.0,0.87
89012345678901,3930.0,4716.0,20.0,0.95
45678901234567,427.42,470.16,10.0,0.92
32075043111383,56649.77,62314.75,10.0,0.95
45678901234567,2812.47,3093.72,10.0,0.99
78901234567890,1955.26,2062.8,5.5,0.99
10000000410009,19236.93,23084.32,20.0,0.89
56789012345678,4804.84,5765.81,20.0,0.91
75301402606617,23984.81,26383.29,10.0,0.91
45678901234567,2854.13,3011.11,5.5,0.99
10000000410009,35716.25,42859.5,20.0,0.95
45678901234567,2716.3,2987.93,10.0,0.92
45678901234567,511.32,562.45,10.0,0.95
48838626202920,55154.81,66185.77,20.0,0.96
96635460290384,34718.09,36627.58,5.5,0.95
44876193815146,19705.03,23646.04,20.0,0.99
44306184100047,5278.35,6334.02,20.0,0.94
72794156768322,38668.37,46402.04,20.0,0.85
96537850800057,3985.9,4783.08,20.0,0.87
66618038362039,15150.76,18180.91,20.0,0.9
72453517182811,30409.08,36490.9,20.0,0.96
19290959567206,39511.91,43463.1,10.0,0.91
67890123456789,7161.36,8593.63,20.0,0.91
45678901234567,317.34,349.07,10.0,0.96
80376925900535,9329.26,10262.19,10.0,0.99
89012345678901,4600.07,5520.08,20.0,0.85
32345678901234,75796.32,90955.58,20.0,0.9
15209390124059,12199.23,13419.15,10.0,0.95
89012345678901,4169.93,5003.92,20.0,0.9
56789012345678,14708.67,17650.4,20.0,0.96
56789012345678,19760.91,23713.09,20.0,0.92
67890123456789,3769.47,4523.36,20.0,0.94
67890123456789,15334.91,18401.89,20.0,0.93
11223344556677,60174.23,60174.23,0.0,0.95
23701121843559,55070.96,66085.15,20.0,0.92
32345678901234,92724.3,111269.16,20.0,0.84
45678901234567,273.6,300.96,10.0,0.87
90123456789012,20277.02,24332.42,20.0,0.94
32345678901234,29030.29,34836.35,20.0,0.95
11223344556677,52554.3,52554.3,0.0,0.94
90123456789012,9714.59,11657.51,20.0,0.94
27929661717837,30526.18,36631.42,20.0,0.96
11223344556677,89463.91,89463.91,0.0,0.92
24469302481053,23498.04,25847.84,10.0,0.88
49985579333571,10921.23,11521.9,5.5,0.93
32345678901234,96240.95,115489.14,20.0,0.91
10000000410009,32088.03,38505.64,20.0,0.91
73165213471236,22982.05,25280.26,10.0,0.99
90123456789012,64811.35,77773.62,20.0,0.96
55877035746434,25202.07,30242.48,20.0,0.91
78901234567890,1315.9,1579.08,20.0,0.96
78901234567890,145.45,153.45,5.5,0.96
32345678901234,110053.1,132063.72,20.0,0.92
78901234567890,931.79,1118.15,20.0,0.98
87976287291138,57812.13,69374.56,20.0,0.98
44306184100047,7348.52,8818.22,20.0,0.95
44306184100047,876.64,1051.97,20.0,0.95
56789012345678,16566.71,19880.05,20.0,0.93
99455440224495,12163.92,14596.7,20.0,0.99
61756816241608,7732.31,8505.54,10.0,0.98
50143063516084,11018.6,11624.62,5.5,0.96
12210398000753,8725.35,10470.42,20.0,0.87
90123456789012,51376.2,61651.44,20.0,0.93
56789012345678,11210.42,13452.5,20.0,0.96
52797021262818,34078.37,37486.21,10.0,0.92
11223344556677,17120.07,17120.07,0.0,0.92
45678901234567,1671.95,1839.15,10.0,0.95
44306184100047,3122.44,3746.93,20.0,0.99
90123456789012,76365.49,91638.59,20.0,0.97
81039354024527,38223.97,45868.76,20.0,0.86
44306184100047,1009.71,1211.65,20.0,0.93
78901234567890,638.44,766.13,20.0,0.99
42496719777938,41273.94,45401.33,10.0,0.92
56789012345678,15741.14,18889.37,20.0,0.99
11223344556677,32406.61,32406.61,0.0,0.96
67890123456789,38167.63,45801.16,20.0,0.88
53677771397992,46554.44,49114.93,5.5,0.9
44306184100047,6914.88,8297.86,20.0,0.92
23334061807881,35552.69,39107.96,10.0,0.99
45678901234567,1770.48,1947.53,10.0,0.92
44306184100047,3157.23,3788.68,20.0,0.89
96843668048530,29447.58,32392.34,10.0,0.99
11223344556677,97808.13,97808.13,0.0,0.97
11223344556677,30366.6,30366.6,0.0,0.97
89012345678901,2717.08,3260.5,20.0,0.91
56789012345678,17817.0,21380.4,20.0,0.91
38020494137664,11949.72,12606.95,5.5,0.94
10221155267435,5902.55,7083.06,20.0,0.93
67890123456789,34625.79,41550.95,20.0,0.81
78901234567890,1017.56,1073.53,5.5,0.96
10000000410009,30321.56,36385.87,20.0,0.96
89012345678901,2110.79,2532.95,20.0,0.99
72467808797504,44288.78,44288.78,0.0,0.91
11223344556677,59463.34,59463.34,0.0,0.89
67890123456789,16956.52,20347.82,20.0,0.85
86330615506807,44194.28,48613.71,10.0,0.94
28338917537939,19939.58,23927.5,20.0,0.96
89012345678901,4248.27,5097.92,20.0,0.97
90123456789012,29829.99,35795.99,20.0,0.91
20479538850189,55028.01,58054.55,5.5,0.95
33236175224667,34561.47,34561.47,0.0,0.93
59638313421483,53886.19,64663.43,20.0,0.92
89012345678901,2550.46,3060.55,20.0,0.95
44147503530884,12160.17,14592.2,20.0,0.95
56789012345678,14017.44,16820.93,20.0,0.99
11223344556677,71770.48,71770.48,0.0,0.92
44306184100047,1114.88,1337.86,20.0,0.94
89012345678901,2241.3,2689.56,20.0,0.91
88340963126351,39598.72,43558.59,10.0,0.93
47090754169142,59656.0,62937.08,5.5,0.91
11223344556677,71741.07,71741.07,0.0,0.88
90123456789012,49871.93,59846.32,20.0,0.94
45678901234567,946.82,998.9,5.5,0.99
32345678901234,78646.51,94375.81,20.0,0.87
44306184100047,2501.19,3001.43,20.0,0.91
45678901234567,1959.12,2155.03,10.0,0.99
60691690668672,55895.64,55895.64,0.0,0.89
56789012345678,19307.55,23169.06,20.0,0.96
93287694331619,56780.52,68136.62,20.0,0.96
59436842801130,3481.31,3672.78,5.5,0.98
56789012345678,9597.55,11517.06,20.0,0.93
27783988816756,8645.94,10375.13,20.0,0.87
10000000410009,45284.12,54340.94,20.0,0.89
11223344556677,80679.96,80679.96,0.0,0.92
24753909649016,27312.7,27312.7,0.0,0.84
53374107492409,1362.35,1634.82,20.0,0.98
44306184100047,5173.67,6208.4,20.0,0.92
90123456789012,31856.42,38227.7,20.0,0.94
45653314927635,17744.66,21293.59,20.0,0.98
71727224319381,39411.15,47293.38,20.0,0.92
96625220695117,27675.2,30442.72,10.0,0.92
56789012345678,18240.91,21889.09,20.0,0.94
44306184100047,5915.69,7098.83,20.0,0.94
32345678901234,107052.44,128462.93,20.0,0.92
23309009976813,47681.19,50303.66,5.5,0.8
32345678901234,99851.38,119821.66,20.0,0.91
53264178702398,7608.12,8026.57,5.5,0.99
45678901234567,1301.08,1431.19,10.0,0.95
67890123456789,12366.48,14839.78,20.0,0.95
89012345678901,3525.16,4230.19,20.0,0.97
10000000410009,29349.25,35219.1,20.0,0.97
89012345678901,2917.63,3501.16,20.0,0.94
67890123456789,32843.29,39411.95,20.0,0.85
65179005854765,11082.85,13299.42,20.0,0.99
84124699306130,49790.63,59748.76,20.0,0.91
45678901234567,573.55,630.9,10.0,0.9
11223344556677,80104.46,80104.46,0.0,0.9
10000000410009,40346.35,48415.62,20.0,0.99
32703286491728,17351.85,18306.2,5.5,0.98
46556068588288,37656.67,41422.34,10.0,0.81
67890123456789,27586.79,33104.15,20.0,0.93
22612852298014,46686.08,56023.3,20.0,0.89
82793055977455,19758.8,20845.53,5.5,0.9
45678901234567,1293.27,1422.6,10.0,0.98
27001318289461,14021.25,14021.25,0.0,0.91
90123456789012,40375.15,48450.18,20.0,0.89
11223344556677,96680.49,96680.49,0.0,0.96
56789012345678,13742.96,16491.55,20.0,0.99
89012345678901,1011.47,1213.76,20.0,0.9
51940606908675,23457.39,25803.13,10.0,0.98
89012345678901,2798.09,3357.71,20.0,0.89
89012345678901,3139.95,3767.94,20.0,0.95
82759709319629,54230.17,65076.2,20.0,0.95
11223344556677,66794.28,66794.28,0.0,0.88
44306184100047,1547.23,1856.68,20.0,0.94
99904014059922,54873.19,65847.83,20.0,0.91
38006048097837,56907.71,68289.25,20.0,0.94
30457086946568,51244.37,61493.24,20.0,0.88
32345678901234,47727.48,57272.98,20.0,0.95
20989398461438,41076.03,49291.24,20.0,0.89
26279038851879,17529.49,17529.49,0.0,0.99
32345678901234,109926.68,131912.02,20.0,0.9
78901234567890,696.88,836.26,20.0,0.97
96708241422436,18047.93,19852.72,10.0,0.89
67890123456789,13713.41,16456.09,20.0,0.93
69375663667551,1406.83,1484.21,5.5,0.98
11223344556677,53048.81,53048.81,0.0,0.89
67890123456789,20059.28,24071.14,20.0,0.93
64230540546127,11448.68,13738.42,20.0,0.97
67890123456789,24281.86,29138.23,20.0,0.88
56789012345678,16313.71,19576.45,20.0,0.99
67890123456789,37060.48,44472.58,20.0,0.86
44306184100047,7090.41,8508.49,20.0,0.95
49041002946724,56932.62,62625.88,10.0,0.88
56789012345678,11545.22,13854.26,20.0,0.97
24017526377046,54241.94,65090.33,20.0,0.99
11223344556677,87729.19,87729.19,0.0,0.98
93685512207149,52933.07,63519.68,20.0,0.87
82638150771070,45933.08,45933.08,0.0,0.93
67890123456789,13764.28,16517.14,20.0,0.94
89012345678901,3264.9,3917.88,20.0,0.9
89959568778710,29047.76,31952.54,10.0,0.93
12913637053555,6691.13,6691.13,0.0,0.93
84680328724822,16840.11,20208.13,20.0,0.93
49038499926471,7796.68,9356.02,20.0,0.89
53146706783407,35370.74,42444.89,20.0,0.91
90626158422328,9249.67,10174.64,10.0,0.96
10000000410009,28512.76,34215.31,20.0,0.91
89012345678901,2808.63,3370.36,20.0,0.89
43563421132165,29405.03,29405.03,0.0,0.95
89012345678901,3854.57,4625.48,20.0,0.88
44306184100047,2171.93,2606.32,20.0,0.92
11684985421463,23412.28,28094.74,20.0,0.95
67890123456789,21966.74,26360.09,20.0,0.92
73790257739545,41743.08,41743.08,0.0,0.91
67229287250059,57001.04,60136.1,5.5,0.91
91664994203403,28943.82,34732.58,20.0,0.99
44306184100047,6530.82,7836.98,20.0,0.92
19502538392982,20172.8,24207.36,20.0,0.99
90123456789012,54700.89,65641.07,20.0,0.96
98037692890391,41222.75,49467.3,20.0,0.92
11506993870990,57733.76,69280.51,20.0,0.88
16068456672496,3336.25,3669.88,10.0,0.93
89012345678901,3161.58,3793.9,20.0,0.88
94267664259074,45182.45,54218.94,20.0,0.91
11223344556677,30952.94,30952.94,0.0,0.87
59720747676567,57153.77,68584.52,20.0,0.91
78901234567890,759.75,911.7,20.0,0.99
11223344556677,77310.59,77310.59,0.0,0.9
45678901234567,2636.1,2899.71,10.0,0.96
89012345678901,3719.81,4463.77,20.0,0.92
34785665072306,11412.71,13695.25,20.0,0.94
78901234567890,696.41,835.69,20.0,0.99
44306184100047,4654.41,5585.29,20.0,0.94
67890123456789,4994.24,5993.09,20.0,0.87
45678901234567,1739.99,1913.99,10.0,0.91
90123456789012,17420.44,20904.53,20.0,0.94
86162162091810,46552.19,49112.56,5.5,0.9
32345678901234,84923.94,101908.73,20.0,0.96
10000000410009,23358.19,28029.83,20.0,0.86
45678901234567,1366.44,1441.59,5.5,0.91
56789012345678,4863.39,5836.07,20.0,0.99
39179355273732,47993.9,57592.68,20.0,0.9
59404763987384,42723.98,45073.8,5.5,0.95
67890123456789,31609.12,37930.94,20.0,0.91
90123456789012,76153.39,91384.07,20.0,0.95
32345678901234,84634.06,101560.87,20.0,0.86
15959736106182,36481.68,38488.17,5.5,0.89
90123456789012,76804.37,92165.24,20.0,0.9
78901234567890,1338.17,1411.77,5.5,0.97
90123456789012,41113.75,49336.5,20.0,0.9
34387378772185,12049.1,14458.92,20.0,0.87
30482182084301,43652.06,48017.27,10.0,0.92
54088612029572,32901.99,39482.39,20.0,0.98
89012345678901,3642.34,4370.81,20.0,0.94
56789012345678,4885.27,5862.32,20.0,0.97
67890123456789,12716.98,15260.38,20.0,0.88
56789012345678,19597.15,23516.58,20.0,0.96
44306184100047,512.68,615.22,20.0,0.99
52868607906196,34137.91,40965.49,20.0,0.97
67890123456789,17698.52,21238.22,20.0,0.87
32345678901234,92737.91,111285.49,20.0,0.89
78901234567890,565.07,596.15,5.5,0.94
53645121365200,54233.68,65080.42,20.0,0.97
28812129656015,23733.31,28479.97,20.0,0.93
97026568324925,41202.48,49442.98,20.0,0.9
93915232611124,10882.03,13058.44,20.0,0.91
89012345678901,3582.43,4298.92,20.0,0.97
55496036420464,58466.51,70159.81,20.0,0.91
32345678901234,65478.6,78574.32,20.0,0.91
89012345678901,1025.44,1230.53,20.0,0.93
10000000410009,42865.02,51438.02,20.0,0.91
10000000410009,18566.55,22279.86,20.0,0.94
78901234567890,1558.38,1644.09,5.5,0.93
44306184100047,2946.37,3535.64,20.0,0.94
67890123456789,21938.67,26326.4,20.0,0.87
44306184100047,926.6,1111.92,20.0,0.95
27314363061594,2444.68,2933.62,20.0,0.93
60378254025343,23266.39,27919.67,20.0,0.94
56789012345678,5344.12,6412.94,20.0,0.93
22066530934344,718.18,757.68,5.5,0.97
44306184100047,2295.89,2755.07,20.0,0.99
78901234567890,339.23,407.08,20.0,0.99
11223344556677,40779.36,40779.36,0.0,0.95
36678733902706,37517.93,45021.52,20.0,0.9
10000000410009,42573.98,51088.78,20.0,0.89
90123456789012,13503.05,16203.66,20.0,0.98
11223344556677,40972.62,40972.62,0.0,0.96
44306184100047,2542.61,3051.13,20.0,0.94
11223344556677,44113.92,44113.92,0.0,0.92
10000000410009,47062.55,56475.06,20.0,0.93
54681223590922,4162.06,4994.47,20.0,0.95
32345678901234,118443.98,142132.78,20.0,0.96
41773300890602,16491.44,16491.44,0.0,0.89
90123456789012,55568.26,66681.91,20.0,0.96
23516504022496,21399.47,25679.36,20.0,0.94
89012345678901,2116.34,2539.61,20.0,0.95
56789012345678,18186.39,21823.67,20.0,0.95
11223344556677,36222.07,36222.07,0.0,0.95
39606486992964,51579.06,54415.91,5.5,0.98
44306184100047,3133.6,3760.32,20.0,0.92
89012345678901,4075.29,4890.35,20.0,0.95
94918757747104,29367.94,30983.18,5.5,0.93
78901234567890,1910.45,2292.54,20.0,0.99
90123456789012,50489.44,60587.33,20.0,0.93
34424073297081,24848.47,29818.16,20.0,0.91
81977142999143,16805.55,20166.66,20.0,0.95
90123456789012,44404.63,53285.56,20.0,0.89
11223344556677,13939.95,13939.95,0.0,0.95
79314320004652,48498.02,58197.62,20.0,0.93
90123456789012,32436.4,38923.68,20.0,0.97
43731262669494,15253.68,18304.42,20.0,0.89
45678901234567,705.28,775.81,10.0,0.99
90123456789012,47416.4,56899.68,20.0,0.97
89012345678901,3759.46,4511.35,20.0,0.91
19371654434909,23379.84,25717.82,10.0,0.92
56789012345678,14526.78,17432.14,20.0,0.99
49363225920942,10686.44,10686.44,0.0,0.82
32345678901234,54517.29,65420.75,20.0,0.9
56789012345678,14336.17,17203.4,20.0,0.95
77064234078922,356.33,356.33,0.0,0.99
78901234567890,807.42,968.9,20.0,0.93
78901234567890,1766.26,1863.4,5.5,0.91
89012345678901,1956.59,2347.91,20.0,0.88
11223344556677,13397.98,13397.98,0.0,0.93
89012345678901,4231.83,5078.2,20.0,0.92
28543702693078,12484.76,13171.42,5.5,0.91
41390364482769,41623.91,49948.69,20.0,0.93
89012345678901,3868.77,4642.52,20.0,0.97
78901234567890,656.35,692.45,5.5,0.99
45678901234567,1282.61,1353.15,5.5,0.89
32345678901234,38084.6,45701.52,20.0,0.9
90123456789012,68134.47,81761.36,20.0,0.98
56789012345678,24685.3,29622.36,20.0,0.99
89012345678901,4791.49,5749.79,20.0,0.96
90123456789012,71809.83,86171.8,20.0,0.97
39526623883059,45215.09,47701.92,5.5,0.86
67890123456789,20088.89,24106.67,20.0,0.88
44306184100047,7241.93,8690.32,20.0,0.92
90123456789012,33249.47,39899.36,20.0,0.91
71499018841783,48526.0,51194.93,5.5,0.97
89012345678901,1360.16,1632.19,20.0,0.92
90123456789012,46856.32,56227.58,20.0,0.96
84886388647677,42781.57,51337.88,20.0,0.93
11223344556677,58732.66,58732.66,0.0,0.89
44306184100047,7510.3,9012.36,20.0,0.93
56789012345678,8754.17,10505.0,20.0,0.94
11223344556677,46429.54,46429.54,0.0,0.94
56789012345678,7098.86,8518.63,20.0,0.96
32345678901234,87889.77,105467.72,20.0,0.92
78901234567890,487.8,585.36,20.0,0.93
94112308230490,44990.57,53988.68,20.0,0.94
46300498135826,37716.96,45260.35,20.0,0.99
78901234567890,387.11,464.53,20.0,0.99
69250600241970,28935.82,34722.98,20.0,0.9
56789012345678,8054.86,9665.83,20.0,0.92
63641830422188,20685.1,24822.12,20.0,0.95
45678901234567,2373.25,2503.78,5.5,0.94
87864818675252,3904.28,4685.14,20.0,0.92
78901234567890,624.31,749.17,20.0,0.99
45678901234567,2856.71,3142.38,10.0,0.92
10000000410009,24432.89,29319.47,20.0,0.92
78901234567890,1652.24,1743.11,5.5,0.95
56789012345678,16309.33,19571.2,20.0,0.97
67890123456789,22761.74,27314.09,20.0,0.95
32345678901234,104803.32,125763.98,20.0,0.92
67890123456789,33822.92,40587.5,20.0,0.9
67890123456789,25758.78,30910.54,20.0,0.93
90123456789012,62690.02,75228.02,20.0,0.9
19771857399500,8696.99,10436.39,20.0,0.87
78760408150825,3929.51,4715.41,20.0,0.86
78901234567890,1166.79,1400.15,20.0,0.96
11223344556677,39258.13,39258.13,0.0,0.92
11223344556677,67681.35,67681.35,0.0,0.96
10000000410009,29892.63,35871.16,20.0,0.93
70695435584673,2646.76,2646.76,0.0,0.96
44107395260311,28715.76,31587.34,10.0,0.98
32345678901234,86105.76,103326.91,20.0,0.93
11223344556677,77992.54,77992.54,0.0,0.89
40105769224542,22566.28,27079.54,20.0,0.96
56789012345678,16771.85,20126.22,20.0,0.95
10000000410009,35297.32,42356.78,20.0,0.86
45678901234567,303.55,320.25,5.5,0.97
16145864929576,14457.75,15252.93,5.5,0.92
89012345678901,819.61,983.53,20.0,0.94
89012345678901,3396.6,4075.92,20.0,0.92
78901234567890,128.64,135.72,5.5,0.93
59864176142531,59804.69,71765.63,20.0,0.96
21876437827624,24928.34,26299.4,5.5,0.87
64675633502996,46791.6,51470.76,10.0,0.87
32345678901234,117994.22,141593.06,20.0,0.87
78901234567890,252.7,303.24,20.0,0.9
11223344556677,16175.55,16175.55,0.0,0.91
56115701947219,14905.58,17886.7,20.0,0.95
89012345678901,1759.36,2111.23,20.0,0.93
13975749974652,41878.54,50254.25,20.0,0.96
23935828546430,39790.76,39790.76,0.0,0.9
44306184100047,6109.82,7331.78,20.0,0.97
57894949820609,55262.35,58301.78,5.5,0.95
80257624231840,52313.61,57544.97,10.0,0.94
11223344556677,27645.69,27645.69,0.0,0.9
32345678901234,94458.9,113350.68,20.0,0.92
78901234567890,89.45,94.37,5.5,0.94
56136990639839,31035.46,32742.41,5.5,0.98
82131283660348,44004.14,44004.14,0.0,0.92
67890123456789,3019.7,3623.64,20.0,0.89
10000000410009,46461.8,55754.16,20.0,0.96
67890123456789,30727.91,36873.49,20.0,0.84
38278861986205,3633.03,3832.85,5.5,0.95
72482501709724,13629.82,16355.78,20.0,0.91
32345678901234,29167.34,35000.81,20.0,0.88
89012345678901,4811.37,5773.64,20.0,0.99
85244065284749,44512.64,46960.84,5.5,0.91
65783486950256,26339.7,31607.64,20.0,0.92
10000000410009,30370.37,36444.44,20.0,0.9
11399172148278,43085.78,51702.94,20.0,0.92
44306184100047,1365.06,1638.07,20.0,0.97
44306184100047,4868.82,5842.58,20.0,0.92
32345678901234,103283.89,123940.67,20.0,0.88
45678901234567,355.16,374.69,5.5,0.98
80203750018728,38224.02,45868.82,20.0,0.89
44306184100047,4658.09,5589.71,20.0,0.88
46683889095375,10491.39,12589.67,20.0,0.96
16898094157563,6622.37,6986.6,5.5,0.9
44306184100047,7268.32,8721.98,20.0,0.88
83943272199312,34551.05,41461.26,20.0,0.92
42892897249547,30997.94,37197.53,20.0,0.99
56789012345678,20791.23,24949.48,20.0,0.98
70677541188272,47080.41,56496.49,20.0,0.9
84298036448019,19111.21,21022.33,10.0,0.99
44306184100047,6560.17,7872.2,20.0,0.99
67890123456789,9185.25,11022.3,20.0,0.93
44306184100047,3915.62,4698.74,20.0,0.91
67890123456789,23166.84,27800.21,20.0,0.94
45678901234567,1862.43,2048.67,10.0,0.94
90123456789012,54456.67,65348.0,20.0,0.94
86341379391903,34556.24,36456.83,5.5,0.87
32345678901234,105279.27,126335.12,20.0,0.85
90123456789012,35663.38,42796.06,20.0,0.96
45678901234567,735.09,808.6,10.0,0.99
99805193242324,55278.99,66334.79,20.0,0.91
28064090208259,18403.76,22084.51,20.0,0.93
89012345678901,2052.45,2462.94,20.0,0.98
89012345678901,1949.1,2338.92,20.0,0.96
41601172014199,2913.18,3495.82,20.0,0.92
45678901234567,898.91,948.35,5.5,0.97
49719261617430,51954.21,54811.69,5.5,0.9
56789012345678,5482.58,6579.1,20.0,0.94
63528396261664,24497.1,26946.81,10.0,0.9
48900412619953,3278.83,3278.83,0.0,0.93
56789012345678,13138.24,15765.89,20.0,0.98
10000000410009,37245.48,44694.58,20.0,0.97
11223344556677,41781.49,41781.49,0.0,0.92
11223344556677,51147.64,51147.64,0.0,0.91
89012345678901,2403.01,2883.61,20.0,0.93
45678901234567,2670.88,2937.97,10.0,0.92
45678901234567,507.71,535.63,5.5,0.96
26513709458353,10921.78,13106.14,20.0,0.93
67890123456789,9025.59,10830.71,20.0,0.85
80109233399554,50823.55,53618.85,5.5,0.98
44306184100047,5759.94,6911.93,20.0,0.92
78901234567890,1290.09,1548.11,20.0,0.97
44306184100047,5420.44,6504.53,20.0,0.94
67890123456789,33310.79,39972.95,20.0,0.95
55345459916097,1096.16,1205.78,10.0,0.92
10000000410009,26044.18,31253.02,20.0,0.94
90123456789012,77010.07,92412.08,20.0,0.92
46843081011953,42105.54,44421.34,5.5,0.98
56789012345678,15722.85,18867.42,20.0,0.92
44306184100047,6663.52,7996.22,20.0,0.93
95292496968434,12624.27,13318.6,5.5,0.99
52941560960749,27058.69,27058.69,0.0,0.94
61896069721581,4684.36,4684.36,0.0,0.93
67890123456789,16956.24,20347.49,20.0,0.85
49969223827274,12121.69,14546.03,20.0,0.92
29684530190623,21288.89,25546.67,20.0,0.99
67890123456789,18733.13,22479.76,20.0,0.84
21422629297061,47259.58,56711.5,20.0,0.87
63851069167385,36314.58,39946.04,10.0,0.93
67890123456789,8792.2,10550.64,20.0,0.95
11223344556677,86320.95,86320.95,0.0,0.89
41790508701359,37511.88,37511.88,0.0,0.98
90123456789012,17069.66,20483.59,20.0,0.96
51585710453986,34155.29,40986.35,20.0,0.94
90123456789012,51542.13,61850.56,20.0,0.94
36487660610669,33369.75,36706.73,10.0,0.94
99210814815509,46667.38,56000.86,20.0,0.98
90123456789012,63826.81,76592.17,20.0,0.95
11223344556677,24192.86,24192.86,0.0,0.93
11223344556677,35390.31,35390.31,0.0,0.91
45678901234567,1692.76,1862.04,10.0,0.94
18652899520205,5522.93,5826.69,5.5,0.89
44306184100047,6453.02,7743.62,20.0,0.93
32345678901234,64311.3,77173.56,20.0,0.88
80907571193817,42494.47,50993.36,20.0,0.93
56789012345678,15159.43,18191.32,20.0,0.98
44306184100047,7110.62,8532.74,20.0,0.97
32345678901234,31612.05,37934.46,20.0,0.92
78901234567890,381.71,402.7,5.5,0.97
87471947105231,3989.06,4786.87,20.0,0.87
44306184100047,2144.91,2573.89,20.0,0.93
67890123456789,18163.88,21796.66,20.0,0.89
56789012345678,23560.82,28272.98,20.0,0.99
90123456789012,34212.64,41055.17,20.0,0.9
11223344556677,37869.52,37869.52,0.0,0.91
31630052881811,58636.88,64500.57,10.0,0.86
45678901234567,1752.71,1849.11,5.5,0.94
44306184100047,2639.37,3167.24,20.0,0.95
14046486012615,17482.56,19230.82,10.0,0.95
42484973434297,37739.42,39815.09,5.5,0.95
44306184100047,1336.64,1603.97,20.0,0.94
44306184100047,1020.66,1224.79,20.0,0.95
10000000410009,45829.63,54995.56,20.0,0.98
90123456789012,45517.8,54621.36,20.0,0.98
53003911079505,18891.94,18891.94,0.0,0.95
90123456789012,77437.49,92924.99,20.0,0.96
89012345678901,2728.2,3273.84,20.0,0.96
71043861927919,52715.43,52715.43,0.0,0.99
90123456789012,9193.4,11032.08,20.0,0.97
90123456789012,40407.8,48489.36,20.0,0.91
32345678901234,69738.53,83686.24,20.0,0.92
94357240012426,38321.16,45985.39,20.0,0.87
56789012345678,8916.22,10699.46,20.0,0.94
10000000410009,31574.64,37889.57,20.0,0.9
78901234567890,118.96,125.5,5.5,0.99
78901234567890,1182.5,1419.0,20.0,0.98
87237507811626,29033.28,34839.94,20.0,0.98
11223344556677,12571.42,12571.42,0.0,0.94
67890123456789,22139.69,26567.63,20.0,0.9
67890123456789,5171.92,6206.3,20.0,0.93
15892641953409,5900.83,7081.0,20.0,0.94
67890123456789,34814.86,41777.83,20.0,0.85
65649462807306,20405.97,20405.97,0.0,0.99
27171857119178,41707.7,45878.47,10.0,0.91
78901234567890,1129.52,1191.64,5.5,0.98
67890123456789,14453.73,17344.48,20.0,0.88
32345678901234,103369.31,124043.17,20.0,0.88
45678901234567,548.53,603.38,10.0,0.93
52149821527273,16982.53,18680.78,10.0,0.94
74508360600383,56411.38,67693.66,20.0,0.96
45678901234567,1913.26,2104.59,10.0,0.93
89012345678901,3620.86,4345.03,20.0,0.93
56789012345678,17771.91,21326.29,20.0,0.92
80462042235228,6878.98,8254.78,20.0,0.89
10000000410009,47993.67,57592.4,20.0,0.88
21827273161033,17773.38,21328.06,20.0,0.9
98266250948228,49606.37,54567.01,10.0,0.93
90123456789012,36911.7,44294.04,20.0,0.92
44306184100047,1200.4,1440.48,20.0,0.93
41309106859046,36522.99,43827.59,20.0,0.9
56789012345678,24104.55,28925.46,20.0,0.88
56789012345678,8151.55,9781.86,20.0,0.99
10000000410009,41120.24,49344.29,20.0,0.96
22859991016235,1060.7,1060.7,0.0,0.97
57667445879814,41379.9,49655.88,20.0,0.94
78901234567890,393.4,415.04,5.5,0.99
67890123456789,26232.99,31479.59,20.0,0.88
89012345678901,3997.01,4796.41,20.0,0.93
44306184100047,1993.47,2392.16,20.0,0.92
67890123456789,34755.37,41706.44,20.0,0.88
90123456789012,67660.18,81192.22,20.0,0.97
22357313303408,33793.52,33793.52,0.0,0.95
10000000410009,49909.91,59891.89,20.0,0.91
78901234567890,1307.14,1379.03,5.5,0.99
66416071530646,36472.38,38478.36,5.5,0.94
11223344556677,59369.07,59369.07,0.0,0.97
32345678901234,98861.05,118633.26,20.0,0.87
36439156397381,25784.7,30941.64,20.0,0.94
36952456611994,5488.99,6586.79,20.0,0.91
40127202003763,17312.6,17312.6,0.0,0.91
84206277365858,37810.62,45372.74,20.0,0.97
58065272801511,11442.4,13730.88,20.0,0.91
10294157128907,7427.44,8170.18,10.0,0.94
78901234567890,1810.42,2172.5,20.0,0.97
89012345678901,4346.13,5215.36,20.0,0.88
51540435817170,36257.8,43509.36,20.0,0.99
44306184100047,3276.36,3931.63,20.0,0.92
45678901234567,312.71,329.91,5.5,0.93
78901234567890,234.71,281.65,20.0,0.98
15500032610225,44263.71,48690.08,10.0,0.9
93769451726677,38571.05,38571.05,0.0,0.86
10219874646393,7180.61,8616.73,20.0,0.96
44306184100047,2489.0,2986.8,20.0,0.95
78901234567890,1492.17,1790.6,20.0,0.93
50364219892198,29137.14,30739.68,5.5,0.85
55882188628594,24664.75,26021.31,5.5,0.93
34792463421666,18551.34,22261.61,20.0,0.95
45927217163541,46299.1,55558.92,20.0,0.89
10000000410009,29292.18,35150.62,20.0,0.89
78901234567890,557.33,668.8,20.0,0.99
90123456789012,16952.79,20343.35,20.0,0.93
44306184100047,6947.27,8336.72,20.0,0.99
70105962188096,38668.0,42534.8,10.0,0.96
67264777940054,16514.73,19817.68,20.0,0.88
67890123456789,17470.24,20964.29,20.0,0.82
84649582128943,26032.49,28635.74,10.0,0.94
84007641647634,19800.6,23760.72,20.0,0.96
67890123456789,16427.71,19713.25,20.0,0.87
46091299892641,41242.61,43510.95,5.5,0.96
73936434800504,5969.47,7163.36,20.0,0.89
83879527065947,25068.86,27575.75,10.0,0.93
78901234567890,1164.95,1229.02,5.5,0.98
90123456789012,22236.03,26683.24,20.0,0.94
90652962521313,18651.14,22381.37,20.0,0.93
90123456789012,26737.74,32085.29,20.0,0.97
78901234567890,1784.72,1882.88,5.5,0.93
10926720940941,14794.43,17753.32,20.0,0.9
32345678901234,37714.61,45257.53,20.0,0.87
51064140934333,48552.86,58263.43,20.0,0.93
90123456789012,30826.72,36992.06,20.0,0.97
11223344556677,10821.93,10821.93,0.0,0.93
39926019880202,27380.4,27380.4,0.0,0.93
31702854698443,18476.97,22172.36,20.0,0.92
67940551405355,34764.41,41717.29,20.0,0.89
10000000410009,23753.44,28504.13,20.0,0.9
46406687584496,14556.25,16011.88,10.0,0.91
90123456789012,43542.1,52250.52,20.0,0.93
67890123456789,10537.51,12645.01,20.0,0.92
48564656871503,52000.03,62400.04,20.0,0.9
45678901234567,376.68,414.35,10.0,0.91
76599849928708,45439.01,54526.81,20.0,0.89
78901234567890,1503.42,1804.1,20.0,0.95
11223344556677,28248.99,28248.99,0.0,0.93
56789012345678,23426.01,28111.21,20.0,0.94
56951816402861,31228.54,32946.11,5.5,0.99
44306184100047,1310.72,1572.86,20.0,0.99
70768823283921,36668.09,44001.71,20.0,0.95
78901234567890,688.24,726.09,5.5,0.99
78901234567890,1154.86,1385.83,20.0,0.98
44306184100047,4457.55,5349.06,20.0,0.99
90123456789012,24022.45,28826.94,20.0,0.98
81868150040609,25552.32,25552.32,0.0,0.94
32345678901234,66271.17,79525.4,20.0,0.86
16171738169699,39404.75,47285.7,20.0,0.93
10000000410009,24788.05,29745.66,20.0,0.89
89012345678901,4431.45,5317.74,20.0,0.91
10000000410009,26543.13,31851.76,20.0,0.87
40156786845826,30903.64,37084.37,20.0,0.99
44306184100047,5295.7,6354.84,20.0,0.94
44306184100047,5478.9,6574.68,20.0,0.92
80612320921295,16228.1,19473.72,20.0,0.92
32345678901234,77946.81,93536.17,20.0,0.92
55771893570417,3903.55,4684.26,20.0,0.96
44306184100047,5214.8,6257.76,20.0,0.95
90123456789012,6895.41,8274.49,20.0,0.95
89012345678901,2427.1,2912.52,20.0,0.91
39488166258238,55808.01,66969.61,20.0,0.93
45678901234567,2805.32,3085.85,10.0,0.89
56337006753135,15076.42,18091.7,20.0,0.92
11223344556677,32343.18,32343.18,0.0,0.88
10000000410009,31084.97,37301.96,20.0,0.96
89012345678901,1545.85,1855.02,20.0,0.96
32345678901234,85183.75,102220.5,20.0,0.93
91577741658761,18818.73,18818.73,0.0,0.97
78901234567890,312.05,329.21,5.5,0.97
96131213833698,37055.1,44466.12,20.0,0.9
44306184100047,3388.97,4066.76,20.0,0.94
90123456789012,15072.94,18087.53,20.0,0.96
32768930899350,42227.94,50673.53,20.0,0.93
90123456789012,17554.61,21065.53,20.0,0.93
10000000410009,21686.97,26024.36,20.0,0.91
56789012345678,13546.67,16256.0,20.0,0.94
11223344556677,26971.39,26971.39,0.0,0.91
45678901234567,2988.71,3287.58,10.0,0.97
44306184100047,6516.76,7820.11,20.0,0.93
10000000410009,15678.42,18814.1,20.0,0.93
44306184100047,6367.9,7641.48,20.0,0.99
64828486803016,10922.28,13106.74,20.0,0.9
90123456789012,43590.6,52308.72,20.0,0.94
78901234567890,1652.29,1743.17,5.5,0.99
44306184100047,7798.37,9358.04,20.0,0.96
24081000280604,41482.75,43764.3,5.5,0.91
10000000410009,36310.51,43572.61,20.0,0.98
11223344556677,54909.94,54909.94,0.0,0.92
44306184100047,1718.76,2062.51,20.0,0.93
27934556445969,19560.77,23472.92,20.0,0.91
89012345678901,2308.85,2770.62,20.0,0.96
10000000410009,31150.68,37380.82,20.0,0.91
19796578350025,5178.22,5696.04,10.0,0.87
16096504847283,6354.82,6354.82,0.0,0.87
38437112786563,6512.6,6870.79,5.5,0.97
56789012345678,3309.85,3971.82,20.0,0.92
10000000410009,37181.17,44617.4,20.0,0.93
10000000410009,25886.36,31063.63,20.0,0.9
75087373688591,47060.94,56473.13,20.0,0.94
94541809181968,3973.56,4370.92,10.0,0.88
89012345678901,4841.7,5810.04,20.0,0.95
35452437151339,50101.06,60121.27,20.0,0.98
89012345678901,1357.22,1628.66,20.0,0.87
93857426818334,43891.6,48280.76,10.0,0.97
73902584391825,37738.57,41512.43,10.0,0.93
52693741235116,26635.97,31963.16,20.0,0.96
67890123456789,31044.31,37253.17,20.0,0.83
11223344556677,45086.16,45086.16,0.0,0.96
78901234567890,107.14,113.03,5.5,0.98
54746576704025,36012.99,43215.59,20.0,0.93
78901234567890,1826.07,2191.28,20.0,0.95
11223344556677,13779.4,13779.4,0.0,0.92
78901234567890,399.72,479.66,20.0,0.97
89012345678901,3574.23,4289.08,20.0,0.92
83616903173736,27080.11,28569.52,5.5,0.98
11872555837275,14033.09,16839.71,20.0,0.91
67890123456789,28780.61,34536.73,20.0,0.86
67890123456789,24158.98,28990.78,20.0,0.85
32345678901234,101842.69,122211.23,20.0,0.84
90123456789012,70888.17,85065.8,20.0,0.96
85594662891708,359.3,431.16,20.0,0.92
90123456789012,27851.84,33422.21,20.0,0.92
61022872935506,5840.42,7008.5,20.0,0.92
10000000410009,48505.0,58206.0,20.0,0.93
95546788170238,34475.34,41370.41,20.0,0.9
90123456789012,54583.22,65499.86,20.0,0.96
52348747307539,46206.3,48747.65,5.5,0.89
89012345678901,1909.33,2291.2,20.0,0.95
67890123456789,1362.19,1634.63,20.0,0.94
10000000410009,32580.19,39096.23,20.0,0.92
50809776406479,38902.78,41042.43,5.5,0.83
98094320152814,48973.74,53871.11,10.0,0.96
10000000410009,17394.73,20873.68,20.0,0.91
89012345678901,4043.01,4851.61,20.0,0.89
45440031134419,29837.42,29837.42,0.0,0.88
11189636343214,7573.36,8330.7,10.0,0.97
80914000773781,47474.02,50085.09,5.5,0.88
22758832032570,21984.79,24183.27,10.0,0.98
56789012345678,4358.68,5230.42,20.0,0.94
60860186826816,44601.63,53521.96,20.0,0.89
45678901234567,1994.76,2104.47,5.5,0.94
11223344556677,88143.19,88143.19,0.0,0.88
43545728577471,57532.28,57532.28,0.0,0.9
11223344556677,61916.84,61916.84,0.0,0.94
67890123456789,1173.55,1408.26,20.0,0.91
28678781504417,12390.71,12390.71,0.0,0.87
56789012345678,17894.77,21473.72,20.0,0.92
78901234567890,1148.06,1377.67,20.0,0.96
44306184100047,1936.93,2324.32,20.0,0.93
26091037552067,35570.57,42684.68,20.0,0.92
90123456789012,37171.72,44606.06,20.0,0.91
10000000410009,26764.53,32117.44,20.0,0.92
89012345678901,2916.35,3499.62,20.0,0.92
67890123456789,13096.61,15715.93,20.0,0.89
32345678901234,28812.99,34575.59,20.0,0.91
10000000410009,20949.43,25139.32,20.0,0.9
45678901234567,1596.53,1756.18,10.0,0.94
10000000410009,41398.16,49677.79,20.0,0.92
32345678901234,31516.97,37820.36,20.0,0.88
86078210586526,26674.49,28141.59,5.5,0.95
41843717577209,2030.55,2030.55,0.0,0.99
75904978651434,5926.05,6518.66,10.0,0.92
56789012345678,17187.96,20625.55,20.0,0.99
70787625990800,17458.0,20949.6,20.0,0.95
18749244586723,25550.72,26956.01,5.5,0.95
11223344556677,43507.87,43507.87,0.0,0.97
44306184100047,1546.53,1855.84,20.0,0.92
90123456789012,47350.27,56820.32,20.0,0.97
67890123456789,38998.22,46797.86,20.0,0.93
84142575296082,2704.57,2853.32,5.5,0.94
56789012345678,23988.77,28786.52,20.0,0.93
88627524149918,36844.36,44213.23,20.0,0.94
78667368621651,13991.16,13991.16,0.0,0.89
10000000410009,38018.11,45621.73,20.0,0.9
90123456789012,67248.76,80698.51,20.0,0.94
45678901234567,1935.26,2128.79,10.0,0.99
65157801671673,10821.08,12985.3,20.0,0.94
44306184100047,2492.11,2990.53,20.0,0.92
11223344556677,97594.67,97594.67,0.0,0.9
85278416013926,52030.48,62436.58,20.0,0.99
61951805092330,19541.26,23449.51,20.0,0.88
44094922402984,12428.46,12428.46,0.0,0.98
90123456789012,14242.64,17091.17,20.0,0.93
78901234567890,1114.75,1337.7,20.0,0.97
56789012345678,22734.94,27281.93,20.0,0.99
24201275802237,47629.6,57155.52,20.0,0.92
64691410459072,39509.48,47411.38,20.0,0.96
28200220950022,12760.87,12760.87,0.0,0.94
89012345678901,4341.79,5210.15,20.0,0.93
63669826170690,12331.86,14798.23,20.0,0.97
78901234567890,1075.34,1290.41,20.0,0.99
53254206165934,49262.28,49262.28,0.0,0.91
60748250479144,55581.6,61139.76,10.0,0.96
44306184100047,6755.83,8107.0,20.0,0.96
45058862527971,40725.09,48870.11,20.0,0.9
27466136058566,45235.14,47723.07,5.5,0.91
80964750803816,2113.87,2536.64,20.0,0.87
89012345678901,4323.94,5188.73,20.0,0.99
35411478038127,25043.5,25043.5,0.0,0.93
73172665674325,19042.89,22851.47,20.0,0.94
72692991018338,40656.1,40656.1,0.0,0.97
44654047771220,14614.67,16076.14,10.0,0.88
56789012345678,7811.83,9374.2,20.0,0.97
89012345678901,1527.44,1832.93,20.0,0.93
69652361500386,43743.47,52492.16,20.0,0.96
44306184100047,5537.68,6645.22,20.0,0.87
32345678901234,24541.74,29450.09,20.0,0.92
75781641466512,36025.76,39628.34,10.0,0.96
77846652751471,7360.1,8832.12,20.0,0.97
67890123456789,19630.31,23556.37,20.0,0.86
90123456789012,61519.55,73823.46,20.0,0.92
50022021906846,27410.0,28917.55,5.5,0.92
56789012345678,5034.21,6041.05,20.0,0.99
56789012345678,17382.19,20858.63,20.0,0.98
11223344556677,52853.93,52853.93,0.0,0.9
32345678901234,58090.44,69708.53,20.0,0.87
93424977791030,37805.29,45366.35,20.0,0.91
47707524909695,56236.06,67483.27,20.0,0.96
61826558587804,36870.68,44244.82,20.0,0.96
40012342842885,45877.25,55052.7,20.0,0.92
94374456404825,19774.59,23729.51,20.0,0.99
67890123456789,32053.01,38463.61,20.0,0.89
52373287821481,16360.39,19632.47,20.0,0.96
11661327678615,36237.28,43484.74,20.0,0.96
32345678901234,118238.56,141886.27,20.0,0.89
56789012345678,11360.0,13632.0,20.0,0.96
32521243781406,1502.96,1803.55,20.0,0.96
11223344556677,26416.65,26416.65,0.0,0.95
45678901234567,2079.31,2287.24,10.0,0.91
44306184100047,5550.23,6660.28,20.0,0.95
78901234567890,573.7,688.44,20.0,0.97
56789012345678,16950.7,20340.84,20.0,0.95
11223344556677,93761.65,93761.65,0.0,0.89
54043580091365,31407.71,34548.48,10.0,0.89
67890123456789,23079.54,27695.45,20.0,0.92
39519932234964,13166.37,15799.64,20.0,0.98
90123456789012,51051.9,61262.28,20.0,0.89
89012345678901,2519.93,3023.92,20.0,0.91
52279241036057,50508.12,60609.74,20.0,0.9
10000000410009,25083.67,30100.4,20.0,0.91
15635187033843,59477.28,71372.74,20.0,0.91
37933218400182,6728.87,7401.76,10.0,0.93
85629756397209,10635.67,10635.67,0.0,0.91
70106629534376,52981.16,55895.12,5.5,0.94
73994508259825,5501.76,6051.94,10.0,0.9
84160947591710,58628.4,70354.08,20.0,0.88
44306184100047,3941.39,4729.67,20.0,0.98
82537160189189,36296.94,36296.94,0.0,0.91
56789012345678,13848.73,16618.48,20.0,0.97
45678901234567,862.86,949.15,10.0,0.95
68623267776278,58177.52,69813.02,20.0,0.97
45678901234567,1743.65,1839.55,5.5,0.99
89012345678901,4039.25,4847.1,20.0,0.96
29357674970475,22533.97,24787.37,10.0,0.87
78901234567890,1423.78,1502.09,5.5,0.99
11223344556677,27297.31,27297.31,0.0,0.93
56789012345678,11374.56,13649.47,20.0,0.94
42860013836043,12061.14,13267.25,10.0,0.97
77050401289678,16181.92,19418.3,20.0,0.87
10000000410009,31270.58,37524.7,20.0,0.91
32345678901234,39921.7,47906.04,20.0,0.92
74222297637488,20872.23,25046.68,20.0,0.94
11223344556677,50928.31,50928.31,0.0,0.9
89012345678901,4547.97,5457.56,20.0,0.98
45678901234567,867.63,954.39,10.0,0.97
45678901234567,1166.38,1230.53,5.5,0.93
58566810861219,3354.11,3689.52,10.0,0.93
44306184100047,6955.85,8347.02,20.0,0.93
44306184100047,7541.98,9050.38,20.0,0.93
10000000410009,25688.31,30825.97,20.0,0.88
78901234567890,1832.26,2198.71,20.0,0.93
45678901234567,1443.03,1522.4,5.5,0.92
78901234567890,89.15,94.05,5.5,0.98
44306184100047,5575.25,6690.3,20.0,0.93
93759390663332,34557.77,34557.77,0.0,0.93
78901234567890,1681.56,1774.05,5.5,0.95
36482498668939,44702.6,44702.6,0.0,0.96
70528015345137,19472.36,23366.83,20.0,0.98
30311599747170,30396.57,36475.88,20.0,0.84
78378982354526,46955.8,46955.8,0.0,0.94
10000000410009,22488.35,26986.02,20.0,0.93
20966356766813,56681.75,68018.1,20.0,0.98
32345678901234,45488.98,54586.78,20.0,0.93
44306184100047,1646.29,1975.55,20.0,0.89
56789012345678,24165.71,28998.85,20.0,0.96
38505920758381,14453.42,17344.1,20.0,0.89
78901234567890,124.03,148.84,20.0,0.97
39446410952217,28918.92,30509.46,5.5,0.99
17745227768010,36528.26,38537.31,5.5,0.91
78901234567890,357.35,377.0,5.5,0.99
16717860623812,45417.94,45417.94,0.0,0.88
11223344556677,86315.18,86315.18,0.0,0.92
57825209387274,50867.3,53665.0,5.5,0.96
61880773569990,8985.22,10782.26,20.0,0.95
56789012345678,14905.6,17886.72,20.0,0.98
90421011430478,44744.37,53693.24,20.0,0.96
11223344556677,21542.14,21542.14,0.0,0.95
56789012345678,12828.18,15393.82,20.0,0.96
78901234567890,166.13,199.36,20.0,0.91
90123456789012,23463.14,28155.77,20.0,0.93
26970077789853,17982.94,21579.53,20.0,0.85
32345678901234,60078.43,72094.12,20.0,0.88
10000000410009,47711.77,57254.12,20.0,0.94
44306184100047,2153.3,2583.96,20.0,0.94
11223344556677,78172.6,78172.6,0.0,0.89
45451876812620,11665.46,11665.46,0.0,0.96
45678901234567,890.25,979.28,10.0,0.94
40601289289051,44082.53,52899.04,20.0,0.95
56789012345678,11731.72,14078.06,20.0,0.94
50764088374680,2822.17,3386.6,20.0,0.89
44671908352615,57802.59,60981.73,5.5,0.89
11223344556677,35481.62,35481.62,0.0,0.9
78901234567890,1695.35,1788.59,5.5,0.98
45678901234567,341.69,375.86,10.0,0.96
76991923047293,41572.26,43858.73,5.5,0.9
10000000410009,19222.96,23067.55,20.0,0.94
65078250939387,34520.95,41425.14,20.0,0.91
14448572355655,59443.62,59443.62,0.0,0.88
67890123456789,28355.63,34026.76,20.0,0.9
11223344556677,33985.32,33985.32,0.0,0.95
56945302199009,29446.98,35336.38,20.0,0.95
27175929139884,29404.18,35285.02,20.0,0.95
41917018700097,29106.16,32016.78,10.0,0.93
89012345678901,2089.76,2507.71,20.0,0.97
44306184100047,3724.16,4468.99,20.0,0.91
45678901234567,1423.46,1565.81,10.0,0.95
45678901234567,2255.76,2481.34,10.0,0.99
89012345678901,3100.3,3720.36,20.0,0.93
44306184100047,2489.02,2986.82,20.0,0.99
11223344556677,64484.65,64484.65,0.0,0.92
23468917760420,37173.36,44608.03,20.0,0.89
32345678901234,36205.82,43446.98,20.0,0.91
62022480591039,23228.15,23228.15,0.0,0.97
45678901234567,1649.69,1740.42,5.5,0.95
56905711827736,28065.87,28065.87,0.0,0.98
44306184100047,7587.88,9105.46,20.0,0.89
11223344556677,65150.03,65150.03,0.0,0.91
45786300448386,14920.15,17904.18,20.0,0.97
32690971436967,14350.53,14350.53,0.0,0.88
40762256151397,18429.34,22115.21,20.0,0.85
77077853589873,8131.79,9758.15,20.0,0.87
50033294744488,19296.92,19296.92,0.0,0.91
89012345678901,2930.72,3516.86,20.0,0.96
45678901234567,1149.44,1264.38,10.0,0.98
71505391781012,10912.43,10912.43,0.0,0.93
32345678901234,61381.36,73657.63,20.0,0.94
49826476203357,43629.81,46029.45,5.5,0.89
32345678901234,47316.68,56780.02,20.0,0.91
20140094872230,2308.97,2435.96,5.5,0.97
32345678901234,27786.26,33343.51,20.0,0.92
67890123456789,11801.74,14162.09,20.0,0.92
59476608490488,1852.62,1954.51,5.5,0.92
90123456789012,44153.32,52983.98,20.0,0.97
44306184100047,1711.86,2054.23,20.0,0.91
10000000410009,40202.61,48243.13,20.0,0.9
67890123456789,13709.56,16451.47,20.0,0.89
45678901234567,1000.1,1055.11,5.5,0.97
78901234567890,578.95,694.74,20.0,0.99
44306184100047,7803.78,9364.54,20.0,0.96
56789012345678,7659.77,9191.72,20.0,0.99
78901234567890,330.51,348.69,5.5,0.99
67890123456789,21919.22,26303.06,20.0,0.86
78901234567890,1945.72,2334.86,20.0,0.99
67890123456789,31448.87,37738.64,20.0,0.89
32345678901234,87776.45,105331.74,20.0,0.87
56769240808532,49064.77,58877.72,20.0,0.88
90026830788362,5822.5,6987.0,20.0,0.97
56789012345678,21362.31,25634.77,20.0,0.98
10000000410009,24738.98,29686.78,20.0,0.92
89012345678901,4067.43,4880.92,20.0,0.93
90058660189524,40533.97,48640.76,20.0,0.88
45678901234567,1363.74,1500.11,10.0,0.93
95803184061285,46951.16,46951.16,0.0,0.84
21914822431496,8319.49,9983.39,20.0,0.84
71126009040490,28863.56,31749.92,10.0,0.95
11223344556677,28153.65,28153.65,0.0,0.9
78901234567890,1696.35,1789.65,5.5,0.9
66928282931306,46546.48,51201.13,10.0,0.97
45678901234567,2931.05,3092.26,5.5,0.95
32345678901234,114140.74,136968.89,20.0,0.93
11679624064179,24733.8,29680.56,20.0,0.96
69047430762293,18552.93,22263.52,20.0,0.94
96732629276591,11492.02,13790.42,20.0,0.97
10000000410009,48165.66,57798.79,20.0,0.89
37544818957348,1450.66,1740.79,20.0,0.92
78901234567890,1628.13,1953.76,20.0,0.99
32345678901234,58136.43,69763.72,20.0,0.9
10000000410009,24677.49,29612.99,20.0,0.97
90123456789012,5090.02,6108.02,20.0,0.92
89012345678901,1705.48,2046.58,20.0,0.93
41591934270880,1342.0,1342.0,0.0,0.98
11223344556677,99600.56,99600.56,0.0,0.95
32345678901234,26055.01,31266.01,20.0,0.92
55268882379653,20563.63,24676.36,20.0,0.94
92659291431665,11427.22,13712.66,20.0,0.94
44306184100047,846.6,1015.92,20.0,0.9
10584929988934,868.77,1042.52,20.0,0.96
69455947333031,17735.74,17735.74,0.0,0.9
32345678901234,66174.25,79409.1,20.0,0.92
89012345678901,2494.22,2993.06,20.0,0.95
76355033016209,1275.7,1530.84,20.0,0.89
78901234567890,670.21,707.07,5.5,0.98
81660460472161,22518.54,27022.25,20.0,0.98
50819875409227,18020.76,19822.84,10.0,0.93
32345678901234,96943.86,116332.63,20.0,0.88
10000000410009,45240.94,54289.13,20.0,0.93
10000000410009,48792.42,58550.9,20.0,0.95
78901234567890,1063.39,1276.07,20.0,0.95
56887342829357,9246.86,11096.23,20.0,0.95
90123456789012,18403.97,22084.76,20.0,0.94
21063754620726,25545.82,25545.82,0.0,0.99
11223344556677,31560.56,31560.56,0.0,0.95
65257375489693,10788.69,12946.43,20.0,0.97
44583058784760,31170.29,37404.35,20.0,0.94
89012345678901,1529.7,1835.64,20.0,0.94
90035393615247,3673.14,3875.16,5.5,0.96
90123456789012,64911.63,77893.96,20.0,0.99
64049471097998,29424.11,35308.93,20.0,0.89
56789012345678,24263.18,29115.82,20.0,0.99
10000000410009,18590.57,22308.68,20.0,0.89
78901234567890,1666.17,1999.4,20.0,0.98
32345678901234,108334.22,130001.06,20.0,0.93
67890123456789,38380.04,46056.05,20.0,0.91
78901234567890,807.34,968.81,20.0,0.99
83803255878290,4291.77,4291.77,0.0,0.96
11223344556677,29834.41,29834.41,0.0,0.96
44306184100047,2094.7,2513.64,20.0,0.89
32345678901234,56182.81,67419.37,20.0,0.89
37457395484805,42096.41,50515.69,20.0,0.91
32883480378981,32065.21,32065.21,0.0,0.97
72237524101703,37428.61,44914.33,20.0,0.96
10000000410009,29705.02,35646.02,20.0,0.93
11223344556677,87652.58,87652.58,0.0,0.95
80990450958642,23164.42,23164.42,0.0,0.91
90123456789012,49986.03,59983.24,20.0,0.99
84720975869483,2059.58,2471.5,20.0,0.93
45678901234567,666.61,733.27,10.0,0.94
89012345678901,1278.09,1533.71,20.0,0.95
72775910473376,13980.22,16776.26,20.0,0.87
50739404490235,33276.63,33276.63,0.0,0.91
11223344556677,38857.94,38857.94,0.0,0.96
56789012345678,17311.85,20774.22,20.0,0.94
93581543303390,39359.05,43294.96,10.0,0.95
79965507649841,35739.15,42886.98,20.0,0.94
45678901234567,307.25,337.98,10.0,0.94
78901234567890,1224.66,1469.59,20.0,0.96
57486843278273,25404.0,30484.8,20.0,0.99
34648172396163,24961.66,26334.55,5.5,0.89
45678901234567,1127.47,1189.48,5.5,0.99
41678864529612,42054.4,42054.4,0.0,0.99
11223344556677,95114.43,95114.43,0.0,0.9
78901234567890,1923.09,2028.86,5.5,0.96
97822029794459,735.33,882.4,20.0,0.98
45678901234567,2235.83,2358.8,5.5,0.86
79449117389202,14348.91,17218.69,20.0,0.91
34092267820934,45644.34,48154.78,5.5,0.96
31000933574142,27233.17,29956.49,10.0,0.87
11223344556677,88850.17,88850.17,0.0,0.89
78901234567890,1331.74,1404.99,5.5,0.97
90123456789012,64449.31,77339.17,20.0,0.92
67890123456789,7200.12,8640.14,20.0,0.92
89012345678901,1643.73,1972.48,20.0,0.9
32345678901234,59580.57,71496.68,20.0,0.92
56789012345678,24526.8,29432.16,20.0,0.92
47067248749502,29732.0,35678.4,20.0,0.89
43902499018320,14677.02,15484.26,5.5,0.93
78901234567890,1809.87,1909.41,5.5,0.97
89012345678901,3330.6,3996.72,20.0,0.95
10000000410009,37744.28,45293.14,20.0,0.96
13026717008281,2481.17,2977.4,20.0,0.99
48693441860595,47226.75,49824.22,5.5,0.97
45678901234567,2814.5,3095.95,10.0,0.96
67890123456789,27927.05,33512.46,20.0,0.91
87304618086033,15915.89,16791.26,5.5,0.88
41745306708138,9187.32,11024.78,20.0,0.87
56789012345678,20727.08,24872.5,20.0,0.89
45678901234567,1594.51,1753.96,10.0,0.93
55158187430508,12113.28,13324.61,10.0,0.92
56789012345678,24597.07,29516.48,20.0,0.97
92088767239769,6475.92,7771.1,20.0,0.9
10000000410009,36893.03,44271.64,20.0,0.91
44306184100047,7106.48,8527.78,20.0,0.93
45678901234567,2186.13,2404.74,10.0,0.97
98236446225110,43380.77,45766.71,5.5,0.96
94194542866000,6613.8,7936.56,20.0,0.94
22168628913428,24760.6,29712.72,20.0,0.9
89012345678901,3220.37,3864.44,20.0,0.88
67890123456789,16531.34,19837.61,20.0,0.9
11223344556677,41996.59,41996.59,0.0,0.9
32345678901234,40442.31,48530.77,20.0,0.91
10000000410009,20872.62,25047.14,20.0,0.92
72452886992460,44381.41,48819.55,10.0,0.95
52118056951491,21933.29,23139.62,5.5,0.9
97514949518595,12511.79,15014.15,20.0,0.93
11223344556677,21324.47,21324.47,0.0,0.87
11223344556677,72148.89,72148.89,0.0,0.92
36827544547105,42367.99,44698.23,5.5,0.99
10000000410009,30416.41,36499.69,20.0,0.9
10000000410009,36937.97,44325.56,20.0,0.93
44306184100047,3966.95,4760.34,20.0,0.94
32711106577518,10318.29,10318.29,0.0,0.91
70701331996234,51394.63,61673.56,20.0,0.98
44306184100047,1492.34,1790.81,20.0,0.92
93391188199420,47853.53,52638.88,10.0,0.95
76811256078537,22051.14,26461.37,20.0,0.95
79801111052961,45190.4,54228.48,20.0,0.93
10000000410009,25087.62,30105.14,20.0,0.93
90123456789012,48011.49,57613.79,20.0,0.96
78901234567890,349.5,368.72,5.5,0.98
78901234567890,1931.04,2317.25,20.0,0.94
98513225204319,38105.18,40200.96,5.5,0.96
25616722547862,23039.0,27646.8,20.0,0.91
71043970040964,56084.69,67301.63,20.0,0.86
44306184100047,4290.57,5148.68,20.0,0.99
90123456789012,40549.08,48658.9,20.0,0.96
63872042745482,23376.57,23376.57,0.0,0.93
56789012345678,15406.05,18487.26,20.0,0.98
89012345678901,992.73,1191.28,20.0,0.96
19780495226072,54689.58,65627.5,20.0,0.92
44369810326688,59653.89,71584.67,20.0,0.93
56789012345678,20735.69,24882.83,20.0,0.97
25814438154081,44400.94,46842.99,5.5,0.98
56789012345678,12867.82,15441.38,20.0,0.99
21453792845021,20965.2,25158.24,20.0,0.99
52680698312772,17709.48,17709.48,0.0,0.95
47914823136529,59722.02,71666.42,20.0,0.89
67890123456789,28444.22,34133.06,20.0,0.9
10000000410009,45857.09,55028.51,20.0,0.92
78901234567890,245.26,294.31,20.0,0.96
44306184100047,5887.59,7065.11,20.0,0.92
51891841320760,18905.39,22686.47,20.0,0.94
10751814748806,15294.05,18352.86,20.0,0.85
56789012345678,19755.84,23707.01,20.0,0.98
44306184100047,3528.32,4233.98,20.0,0.93
89012345678901,4609.03,5530.84,20.0,0.92
89012345678901,2783.32,3339.98,20.0,0.87
44306184100047,7765.32,9318.38,20.0,0.96
67890123456789,13622.49,16346.99,20.0,0.89
10000000410009,43719.23,52463.08,20.0,0.91
45678901234567,1434.91,1578.4,10.0,0.98
78901234567890,696.52,835.82,20.0,0.94
44306184100047,1266.58,1519.9,20.0,0.99
89012345678901,1489.45,1787.34,20.0,0.92
96003646540229,39689.38,47627.26,20.0,0.87
90123456789012,70047.68,84057.22,20.0,0.95
44306184100047,5602.13,6722.56,20.0,0.92
74427545066025,11067.96,12174.76,10.0,0.94
44306184100047,4477.65,5373.18,20.0,0.93
89012345678901,4251.72,5102.06,20.0,0.96
97117169203792,20639.59,24767.51,20.0,0.86
94284585722464,19276.35,23131.62,20.0,0.87
86440710473942,54751.71,54751.71,0.0,0.93
56789012345678,10577.13,12692.56,20.0,0.96
90123456789012,51027.58,61233.1,20.0,0.96
32345678901234,67624.6,81149.52,20.0,0.9
78901234567890,315.42,378.5,20.0,0.99
33222427198429,19001.02,22801.22,20.0,0.93
72618622160714,8477.32,10172.78,20.0,0.91
67890123456789,34538.54,41446.25,20.0,0.91
45678901234567,1749.02,1845.22,5.5,0.93
44306184100047,5256.78,6308.14,20.0,0.92
78901234567890,1105.83,1327.0,20.0,0.98
78901234567890,1656.6,1747.71,5.5,0.97
44306184100047,572.52,687.02,20.0,0.93
32345678901234,72396.25,86875.5,20.0,0.95
39675784312601,36665.67,40332.24,10.0,0.92
56789012345678,8445.26,10134.31,20.0,0.95
61152617139836,40333.16,40333.16,0.0,0.87
67890123456789,29584.5,35501.4,20.0,0.84
29894255452970,41734.76,50081.71,20.0,0.98
11223344556677,65177.56,65177.56,0.0,0.95
71034503508525,17971.96,18960.42,5.5,0.99
14985999263844,56131.32,67357.58,20.0,0.94
69997026121273,1157.91,1221.6,5.5,0.96
45266022584092,6969.49,7352.81,5.5,0.9
95291874945911,28902.58,31792.84,10.0,0.96
90123456789012,7841.47,9409.76,20.0,0.99
11223344556677,83552.57,83552.57,0.0,0.96
45678901234567,617.03,650.97,5.5,0.92
89012345678901,1235.6,1482.72,20.0,0.94
41275817732633,22780.08,22780.08,0.0,0.93
32345678901234,116559.66,139871.59,20.0,0.93
89012345678901,4989.37,5987.24,20.0,0.89
56351570351734,38446.63,42291.29,10.0,0.99
90123456789012,76917.26,92300.71,20.0,0.9
79547003589937,7198.89,8638.67,20.0,0.97
67890123456789,8269.09,9922.91,20.0,0.86
44306184100047,2102.76,2523.31,20.0,0.95
89012345678901,4072.49,4886.99,20.0,0.97
45678901234567,1199.86,1265.85,5.5,0.92
13490550882296,34362.49,41234.99,20.0,0.91
53343032177387,44062.61,52875.13,20.0,0.94
89012345678901,4377.86,5253.43,20.0,0.96
78901234567890,168.91,178.2,5.5,0.99
32345678901234,39200.52,47040.62,20.0,0.95
55095468062324,24167.69,24167.69,0.0,0.84
11223344556677,32244.6,32244.6,0.0,0.94
44306184100047,7921.43,9505.72,20.0,0.92
11223344556677,85507.45,85507.45,0.0,0.94
45936413461221,39295.16,47154.19,20.0,0.9
44306184100047,5626.61,6751.93,20.0,0.9
10000000410009,23833.96,28600.75,20.0,0.95
56789012345678,20961.97,25154.36,20.0,0.93
38552772648634,311.62,342.78,10.0,0.98
10000000410009,20529.15,24634.98,20.0,0.89
92857099852073,46252.79,55503.35,20.0,0.9
67890123456789,28626.31,34351.57,20.0,0.89
90123456789012,57448.36,68938.03,20.0,0.91
32345678901234,86192.92,103431.5,20.0,0.9
44306184100047,5506.83,6608.2,20.0,0.99
60827814091115,25228.89,27751.78,10.0,0.96
56789012345678,13793.28,16551.94,20.0,0.93
32345678901234,94096.91,112916.29,20.0,0.94
26020254347677,41181.56,45299.72,10.0,0.97
84946846280204,14096.31,16915.57,20.0,0.92
80243009871221,16783.25,20139.9,20.0,0.94
15209865846048,20423.18,22465.5,10.0,0.93
15753620367271,21997.71,23207.58,5.5,0.89
27399548401945,21041.3,22198.57,5.5,0.91
80338720986844,48643.04,53507.34,10.0,0.91
67890123456789,9523.14,11427.77,20.0,0.87
94139583155820,15128.25,18153.9,20.0,0.9
89012345678901,2777.28,3332.74,20.0,0.92
90123456789012,74176.4,89011.68,20.0,0.98
31245663320476,54160.42,54160.42,0.0,0.99
20107737650713,31717.88,34889.67,10.0,0.93
67890123456789,14172.45,17006.94,20.0,0.96
90123456789012,5957.79,7149.35,20.0,0.92
45678901234567,1624.52,1713.87,5.5,0.99
78901234567890,1471.16,1765.39,20.0,0.94
44306184100047,6770.21,8124.25,20.0,0.98
10073733342850,3704.48,4445.38,20.0,0.92
78901234567890,1416.65,1494.57,5.5,0.92
33650094835592,53794.87,53794.87,0.0,0.93
74183390632096,53625.59,64350.71,20.0,0.9
90123456789012,43841.39,52609.67,20.0,0.98
67890123456789,28894.22,34673.06,20.0,0.94
56789012345678,6945.8,8334.96,20.0,0.98
19949838512116,23154.27,27785.12,20.0,0.89
32345678901234,35286.98,42344.38,20.0,0.93
67890123456789,25980.95,31177.14,20.0,0.91
67890123456789,2742.64,3291.17,20.0,0.93
90123456789012,39441.89,47330.27,20.0,0.92
55784184401363,10969.32,13163.18,20.0,0.92
90123456789012,25750.99,30901.19,20.0,0.9
56789012345678,14634.54,17561.45,20.0,0.99
17477400191839,150.51,180.61,20.0,0.95
45678901234567,2906.72,3066.59,5.5,0.94
37583046804520,1387.37,1526.11,10.0,0.94
99160976270145,14101.05,14101.05,0.0,0.96
53836442291614,9933.11,10479.43,5.5,0.93
16205355974244,3723.42,4095.76,10.0,0.94
67890123456789,13062.31,15674.77,20.0,0.91
78901234567890,1699.24,1792.7,5.5,0.98
61167227779653,57979.94,61168.84,5.5,0.94
74039015740558,54556.95,65468.34,20.0,0.97
57730105448183,59018.76,70822.51,20.0,0.91
32345678901234,22135.75,26562.9,20.0,0.88
24843791081701,26150.12,31380.14,20.0,0.87
90123456789012,25023.37,30028.04,20.0,0.94
99322822005803,4860.54,5832.65,20.0,0.95
88135400123211,32199.54,33970.51,5.5,0.9
89012345678901,2118.43,2542.12,20.0,0.9
10000000410009,49317.87,59181.44,20.0,0.91
67890123456789,22641.59,27169.91,20.0,0.9
79638409693167,28478.11,34173.73,20.0,0.92
11223344556677,18456.43,18456.43,0.0,0.97
36504525051999,53525.0,64230.0,20.0,0.96
32345678901234,27637.94,33165.53,20.0,0.96
32345678901234,104729.85,125675.82,20.0,0.9
27546563735883,16678.06,18345.87,10.0,0.96
32345678901234,75872.36,91046.83,20.0,0.91
67890123456789,31249.63,37499.56,20.0,0.94
78901234567890,994.7,1049.41,5.5,0.95
67890123456789,21430.31,25716.37,20.0,0.93
78901234567890,1795.01,1893.74,5.5,0.94
74877769130863,24108.91,28930.69,20.0,0.93
63698156254227,4800.8,4800.8,0.0,0.96
78901234567890,1979.34,2088.2,5.5,0.92
56789012345678,4154.8,4985.76,20.0,0.94
90123456789012,60773.43,72928.12,20.0,0.94
92427565532173,12822.53,12822.53,0.0,0.86
11223344556677,84558.42,84558.42,0.0,0.92
56789012345678,7968.86,9562.63,20.0,0.92
10000000410009,44735.15,53682.18,20.0,0.98
32345678901234,43626.88,52352.26,20.0,0.91
78901234567890,1471.22,1552.14,5.5,0.99
45678901234567,2338.8,2572.68,10.0,0.96
26516585542829,945.48,1134.58,20.0,0.85
10000000410009,18262.32,21914.78,20.0,0.91
11223344556677,79726.99,79726.99,0.0,0.94
72213529710597,41834.87,50201.84,20.0,0.95
10000000410009,16759.96,20111.95,20.0,0.9
45678901234567,2443.53,2577.92,5.5,0.96
44504831054832,32298.38,38758.06,20.0,0.99
56789012345678,20287.7,24345.24,20.0,0.95
25499587677320,19635.32,19635.32,0.0,0.9
92798325939960,4366.94,4366.94,0.0,0.95
10000000410009,35826.54,42991.85,20.0,0.94
80343914560439,40830.86,43076.56,5.5,0.99
32345678901234,92118.3,110541.96,20.0,0.87
17323935020652,40730.79,44803.87,10.0,0.88
21308223669936,31160.37,32874.19,5.5,0.86
38569670985906,27179.6,28674.48,5.5,0.91
89012345678901,1997.29,2396.75,20.0,0.99
19304339767096,55995.86,67195.03,20.0,0.93
89012345678901,3450.34,4140.41,20.0,0.9
44306184100047,2322.48,2786.98,20.0,0.95
90123456789012,67156.15,80587.38,20.0,0.92
99215337386636,12293.13,14751.76,20.0,0.93
10000000410009,30918.91,37102.69,20.0,0.89
45678901234567,563.36,594.34,5.5,0.97
80406258485355,55982.83,67179.4,20.0,0.9
89012345678901,4376.66,5251.99,20.0,0.93
52914750323056,6956.83,7339.46,5.5,0.96
44306184100047,1225.37,1470.44,20.0,0.9
89012345678901,882.92,1059.5,20.0,0.89
29781943982927,14238.86,17086.63,20.0,0.98
18651928460394,23656.65,23656.65,0.0,0.97
78901234567890,1290.56,1548.67,20.0,0.99
22256964014620,18150.76,21780.91,20.0,0.99
56789012345678,6024.81,7229.77,20.0,0.98
10000000410009,18196.44,21835.73,20.0,0.96
44306184100047,954.6,1145.52,20.0,0.94
82385356291914,53920.75,64704.9,20.0,0.96
90123456789012,53492.09,64190.51,20.0,0.94
90123456789012,60193.99,72232.79,20.0,0.95
89012345678901,2923.38,3508.06,20.0,0.94
99588010906677,28405.22,34086.26,20.0,0.91
13476270813108,10855.99,11453.07,5.5,0.9
44306184100047,5068.48,6082.18,20.0,0.92
56789012345678,21396.47,25675.76,20.0,0.96
32345678901234,87001.33,104401.6,20.0,0.88
32345678901234,65364.38,78437.26,20.0,0.9
88268588634832,39002.14,42902.35,10.0,0.86
78901234567890,898.22,1077.86,20.0,0.99
61714979883738,30807.93,36969.52,20.0,0.97
60839274441227,39938.19,47925.83,20.0,0.93
93358773386896,7741.57,7741.57,0.0,0.91
40078875434768,5659.89,6791.87,20.0,0.92
11223344556677,14293.84,14293.84,0.0,0.98
32345678901234,53336.2,64003.44,20.0,0.93
19196278871383,35331.06,42397.27,20.0,0.88
90123456789012,10734.68,12881.62,20.0,0.99
78901234567890,1939.75,2046.44,5.5,0.94
10000000410009,44069.92,52883.9,20.0,0.96
67890123456789,4214.4,5057.28,20.0,0.92
38763103119059,14254.98,14254.98,0.0,0.89
79952505143607,52635.22,57898.74,10.0,0.9
78901234567890,1785.02,2142.02,20.0,0.96
10000000410009,27313.37,32776.04,20.0,0.92
67890123456789,5596.6,6715.92,20.0,0.92
80698298979866,36704.92,38723.69,5.5,0.89
26926546275114,39529.44,47435.33,20.0,0.92
56789012345678,12481.55,14977.86,20.0,0.97
71368546318448,24294.37,29153.24,20.0,0.86
78901234567890,439.37,527.24,20.0,0.98
10000000410009,29265.98,35119.18,20.0,0.9
19106055328220,21886.23,23089.97,5.5,0.9
32345678901234,95028.43,114034.12,20.0,0.95
45678901234567,679.36,747.3,10.0,0.97
32406193774075,59464.69,71357.63,20.0,0.99
10000000410009,27546.22,33055.46,20.0,0.94
10000000410009,48219.4,57863.28,20.0,0.96
10000000410009,33010.87,39613.04,20.0,0.91
90123456789012,5423.39,6508.07,20.0,0.94
78901234567890,304.89,321.66,5.5,0.94
10000000410009,21083.47,25300.16,20.0,0.91
10000000410009,25579.37,30695.24,20.0,0.95
38459611632493,20219.89,20219.89,0.0,0.94
89012345678901,818.22,981.86,20.0,0.9
34602539333667,4599.83,4852.82,5.5,0.86
44306184100047,1142.4,1370.88,20.0,0.89
52606731575259,37355.81,37355.81,0.0,0.93
10000000410009,46949.02,56338.82,20.0,0.92
10000000410009,45339.8,54407.76,20.0,0.94
45678901234567,1739.6,1835.28,5.5,0.97
91184273007619,30002.3,36002.76,20.0,0.9
26456052682102,29737.85,35685.42,20.0,0.89
45678901234567,1978.16,2175.98,10.0,0.93
50757400382662,2512.9,2651.11,5.5,0.96
67890123456789,1411.36,1693.63,20.0,0.91
96136466988401,3585.26,4302.31,20.0,0.97
73794544085759,29301.65,29301.65,0.0,0.89
86491214226565,48466.53,58159.84,20.0,0.93
11223344556677,73596.34,73596.34,0.0,0.93
45678901234567,599.78,659.76,10.0,0.96
71848708234216,24561.7,29474.04,20.0,0.98
89012345678901,1401.54,1681.85,20.0,0.94
32345678901234,27207.55,32649.06,20.0,0.88
28495799268208,6672.99,6672.99,0.0,0.94
45678901234567,2336.73,2570.4,10.0,0.92
88220695554526,27780.99,33337.19,20.0,0.93
90123456789012,48349.04,58018.85,20.0,0.91
45678901234567,1589.37,1748.31,10.0,0.91
24448733868525,836.09,1003.31,20.0,0.99
82093024310270,37305.44,44766.53,20.0,0.97
63564900866007,2729.97,2880.12,5.5,0.97
69956157261701,5667.55,6801.06,20.0,0.91
41755860517980,58687.93,70425.52,20.0,0.95
78901234567890,285.44,301.14,5.5,0.98
94744576136365,33169.03,39802.84,20.0,0.91
75872256830621,48081.09,48081.09,0.0,0.92
90313982857349,55562.75,58618.7,5.5,0.97
79665295987312,17560.56,21072.67,20.0,0.9
67890123456789,13437.47,16124.96,20.0,0.92
49096243498411,39554.38,41729.87,5.5,0.95
10000000410009,25451.44,30541.73,20.0,0.93
57366743829564,22310.03,24541.03,10.0,0.99
11223344556677,76340.61,76340.61,0.0,0.93
90123456789012,79573.48,95488.18,20.0,0.88
44306184100047,553.93,664.72,20.0,0.95
32345678901234,73940.78,88728.94,20.0,0.92
12960443837777,18678.6,19705.92,5.5,0.96
25938493619946,20343.72,24412.46,20.0,0.93
90123456789012,69287.31,83144.77,20.0,0.91
44306184100047,6320.0,7584.0,20.0,0.89
43020772065381,38920.16,46704.19,20.0,0.98
44306184100047,5847.12,7016.54,20.0,0.98
10000000410009,37766.01,45319.21,20.0,0.95
10000000410009,39755.8,47706.96,20.0,0.94
32345678901234,105529.34,126635.21,20.0,0.94
13760081378253,4484.41,5381.29,20.0,0.98
32345678901234,66426.75,79712.1,20.0,0.88
32323852420332,10565.42,12678.5,20.0,0.94
26421356200567,896.95,1076.34,20.0,0.93
45678901234567,2852.95,3138.24,10.0,0.96
75567501664849,6707.94,7076.88,5.5,0.99
29317377565935,22797.47,22797.47,0.0,0.93
29317289430552,5358.92,6430.7,20.0,0.87
80046177154561,9016.37,10819.64,20.0,0.94
67890123456789,17311.33,20773.6,20.0,0.87
91185798989721,45481.15,54577.38,20.0,0.86
89012345678901,1587.68,1905.22,20.0,0.96
90123456789012,62110.43,74532.52,20.0,0.94
10000000410009,41708.82,50050.58,20.0,0.88
39942932328571,35151.03,42181.24,20.0,0.96
10000000410009,39842.4,47810.88,20.0,0.88
46499456220490,58978.53,70774.24,20.0,0.85
11223344556677,19932.07,19932.07,0.0,0.9
22332151007273,7592.86,7592.86,0.0,0.96
45678901234567,2869.53,3027.35,5.5,0.95
93182836467651,43504.39,52205.27,20.0,0.94
32345678901234,111525.59,133830.71,20.0,0.88
89012345678901,1886.37,2263.64,20.0,0.98
56789012345678,6926.42,8311.7,20.0,0.94
82318989298120,11709.51,14051.41,20.0,0.94
67890123456789,34462.66,41355.19,20.0,0.92
32345678901234,110970.08,133164.1,20.0,0.88
11223344556677,36610.54,36610.54,0.0,0.93
67890123456789,27212.29,32654.75,20.0,0.88
90123456789012,70078.96,84094.75,20.0,0.94
10000000410009,31527.69,37833.23,20.0,0.94
67890123456789,20757.81,24909.37,20.0,0.87
89012345678901,2540.78,3048.94,20.0,0.92
97147550220512,6166.55,7399.86,20.0,0.99
87315210900226,19177.25,20232.0,5.5,0.93
44306184100047,6470.92,7765.1,20.0,0.99
11998263409075,44511.61,53413.93,20.0,0.95
67890123456789,33837.42,40604.9,20.0,0.92
90123456789012,15703.41,18844.09,20.0,0.97
93331890954023,41833.63,50200.36,20.0,0.95
32345678901234,37569.48,45083.38,20.0,0.89
67890123456789,6512.98,7815.58,20.0,0.92
89012345678901,2589.18,3107.02,20.0,0.97
45678901234567,1448.56,1593.42,10.0,0.97
67890123456789,11821.24,14185.49,20.0,0.96
89012345678901,3549.3,4259.16,20.0,0.91
32345678901234,72608.55,87130.26,20.0,0.93
56789012345678,11725.91,14071.09,20.0,0.91
56789012345678,11264.2,13517.04,20.0,0.94
90123456789012,21383.4,25660.08,20.0,0.99
10924714368677,18090.0,19084.95,5.5,0.94
73948540293997,30613.95,36736.74,20.0,0.9
62846385429329,56500.49,56500.49,0.0,0.99
65489217231580,37550.34,45060.41,20.0,0.9
73771696802385,20404.92,21527.19,5.5,0.95
67890123456789,3884.64,4661.57,20.0,0.87
49636921808215,15339.61,15339.61,0.0,0.91
32345678901234,73085.24,87702.29,20.0,0.92
44306184100047,3785.75,4542.9,20.0,0.94
44306184100047,853.37,1024.04,20.0,0.94
94765267966729,22945.32,27534.38,20.0,0.93
83265389372213,56506.45,59614.3,5.5,0.88
27931767845528,15651.51,18781.81,20.0,0.98
11393127691710,4516.5,4516.5,0.0,0.91
80370222164165,917.57,1101.08,20.0,0.91
45678901234567,1099.39,1159.86,5.5,0.94
11223344556677,52889.99,52889.99,0.0,0.93
67890123456789,17740.01,21288.01,20.0,0.85
31010771658253,51941.42,54798.2,5.5,0.94
53386692497524,42345.44,46579.98,10.0,0.92
46528032335450,9854.55,9854.55,0.0,0.96
36005885954210,53770.5,64524.6,20.0,0.97
56789012345678,6513.77,7816.52,20.0,0.93
45678901234567,885.66,974.23,10.0,0.93
90123456789012,17055.35,20466.42,20.0,0.96
62467592656502,20779.07,24934.88,20.0,0.9
45678901234567,1506.12,1656.73,10.0,0.93
11109535437463,6249.54,7499.45,20.0,0.89
78901234567890,385.79,407.01,5.5,0.96
45678901234567,349.12,384.03,10.0,0.96
30865745005678,3398.33,3738.16,10.0,0.91
67890123456789,37016.33,44419.6,20.0,0.88
90093741334479,30069.51,31723.33,5.5,0.92
83034024652402,46751.6,51426.76,10.0,0.89
67890123456789,23050.51,27660.61,20.0,0.89
93843278426830,1076.52,1135.73,5.5,0.93
36230974392144,42272.43,44597.41,5.5,0.91
11223344556677,42920.5,42920.5,0.0,0.89
90123456789012,51740.88,62089.06,20.0,0.96
47435301028600,22408.94,26890.73,20.0,0.97
26402808240332,49148.8,49148.8,0.0,0.91
67890123456789,6144.61,7373.53,20.0,0.94
78901234567890,586.21,618.45,5.5,0.98
44035953481339,30344.06,30344.06,0.0,0.99
71717046094306,45869.5,55043.4,20.0,0.91
56789012345678,15448.85,18538.62,20.0,0.99
10000000410009,36889.31,44267.17,20.0,0.93
11105475065397,54596.37,65515.64,20.0,0.99
78901234567890,1999.23,2399.08,20.0,0.96
62062289162442,33249.12,39898.94,20.0,0.96
32345678901234,116619.97,139943.96,20.0,0.92
10000000410009,43932.09,52718.51,20.0,0.97
67890123456789,5526.7,6632.04,20.0,0.88
89012345678901,2884.69,3461.63,20.0,0.94
29546074200977,1638.26,1638.26,0.0,0.93
96142061679252,56990.26,68388.31,20.0,0.97
45678901234567,2849.96,3006.71,5.5,0.98
32345678901234,99166.2,118999.44,20.0,0.94
67890123456789,17056.69,20468.03,20.0,0.89
80143283720402,43979.86,43979.86,0.0,0.95
45678901234567,2220.66,2442.73,10.0,0.92
11223344556677,56195.8,56195.8,0.0,0.93
81020362294793,2001.57,2401.88,20.0,0.88
74761566103328,41539.19,49847.03,20.0,0.98
76435779561580,16881.55,20257.86,20.0,0.9
78901234567890,443.74,532.49,20.0,0.98
78901234567890,1149.42,1212.64,5.5,0.97
90123456789012,53639.36,64367.23,20.0,0.93
10000000410009,38238.6,45886.32,20.0,0.88
89012345678901,2919.46,3503.35,20.0,0.94
79166858328937,25897.8,28487.58,10.0,0.92
90123456789012,31905.62,38286.74,20.0,0.92
30352468326371,3533.33,4240.0,20.0,0.93
28982733387498,28907.26,30497.16,5.5,0.95
78901234567890,227.72,240.24,5.5,0.99
46496931501440,52309.79,52309.79,0.0,0.92
67890123456789,4883.41,5860.09,20.0,0.97
47522643220518,1322.1,1586.52,20.0,0.89
90123456789012,20880.27,25056.32,20.0,0.95
44306184100047,976.46,1171.75,20.0,0.91
90123456789012,64216.67,77060.0,20.0,0.91
31342560127843,22607.3,27128.76,20.0,0.99
10000000410009,24600.9,29521.08,20.0,0.88
99456889611127,51489.5,56638.45,10.0,0.9
76221804632739,13978.48,14747.3,5.5,0.98
10000000410009,39481.27,47377.52,20.0,0.91
10000000410009,39212.55,47055.06,20.0,0.93
33667596725236,17192.57,18138.16,5.5,0.99
82924837912169,16956.92,20348.3,20.0,0.95
81045159652385,15773.75,17351.12,10.0,0.95
87063582184162,10917.99,10917.99,0.0,0.9
90123456789012,72508.89,87010.67,20.0,0.91
11223344556677,25933.3,25933.3,0.0,0.91
73576490276133,2603.35,3124.02,20.0,0.98
90123456789012,57780.22,69336.26,20.0,0.95
59302933916896,18022.18,21626.62,20.0,0.86
11223344556677,72028.95,72028.95,0.0,0.89
11223344556677,50486.93,50486.93,0.0,0.92
11223344556677,17932.66,17932.66,0.0,0.92
19868913067657,32453.71,32453.71,0.0,0.88
45678901234567,1349.06,1483.97,10.0,0.99
67890123456789,31586.53,37903.84,20.0,0.92
67890123456789,31085.78,37302.94,20.0,0.88
89012345678901,1361.92,1634.3,20.0,0.95
32345678901234,64338.31,77205.97,20.0,0.92
90123456789012,33289.87,39947.84,20.0,0.94
89012345678901,4307.98,5169.58,20.0,0.94
32345678901234,59873.02,71847.62,20.0,0.9
67890123456789,6427.99,7713.59,20.0,0.9
67890123456789,3358.29,4029.95,20.0,0.91
78901234567890,73.32,87.98,20.0,0.95
56789012345678,8964.09,10756.91,20.0,0.95
45678901234567,1922.98,2028.74,5.5,0.97
11223344556677,10875.09,10875.09,0.0,0.91
76314376925226,54440.01,65328.01,20.0,0.99
11223344556677,24014.58,24014.58,0.0,0.98
11223344556677,53348.65,53348.65,0.0,0.93
73341404894068,23144.41,24417.35,5.5,0.95
84929518755561,41903.13,50283.76,20.0,0.94
52451741283921,40088.43,40088.43,0.0,0.95
45107865236122,16940.22,16940.22,0.0,0.89
45678901234567,932.97,1026.27,10.0,0.94
11579532587643,40675.25,42912.39,5.5,0.91
90123456789012,77402.4,92882.88,20.0,0.99
90123456789012,41510.35,49812.42,20.0,0.96
44306184100047,1551.37,1861.64,20.0,0.94
11223344556677,34779.2,34779.2,0.0,0.94
60664525528105,57702.94,69243.53,20.0,0.93
30108140106598,8614.17,10337.0,20.0,0.85
67890123456789,14583.71,17500.45,20.0,0.86
67890123456789,24802.45,29762.94,20.0,0.92
11223344556677,12079.1,12079.1,0.0,0.93
67890123456789,3258.33,3910.0,20.0,0.84
24189543445629,669.44,736.38,10.0,0.94
56789012345678,22219.65,26663.58,20.0,0.97
72002912086387,4256.97,4491.1,5.5,0.99
17332335807084,38098.58,40194.0,5.5,0.93
67890123456789,3162.13,3794.56,20.0,0.9
44306184100047,5094.89,6113.87,20.0,0.92
32345678901234,31517.34,37820.81,20.0,0.88
52771797783877,29696.62,35635.94,20.0,0.92
45678901234567,2992.33,3291.56,10.0,0.93
91777731061104,28881.11,34657.33,20.0,0.93
44306184100047,2670.41,3204.49,20.0,0.95
38893859529091,24078.72,24078.72,0.0,0.86
91737038402148,54205.03,65046.04,20.0,0.95
45678901234567,618.65,680.51,10.0,0.95
40340866526166,11066.32,13279.58,20.0,0.97
47647780742231,53789.43,64547.32,20.0,0.86
56789012345678,3113.99,3736.79,20.0,0.9
88410161071423,43355.98,43355.98,0.0,0.92
56789012345678,22563.72,27076.46,20.0,0.98
44306184100047,4356.17,5227.4,20.0,0.93
90123456789012,34106.98,40928.38,20.0,0.95
90123456789012,11989.25,14387.1,20.0,0.97
25081150134037,408.75,490.5,20.0,0.94
79163465792546,24332.86,29199.43,20.0,0.99
72520033120677,5170.41,6204.49,20.0,0.86
44306184100047,7789.16,9346.99,20.0,0.93
32815510906875,52142.23,55010.05,5.5,0.9
11223344556677,35620.92,35620.92,0.0,0.87
75268276556364,46332.92,55599.5,20.0,0.92
56789012345678,16528.31,19833.97,20.0,0.96
22701510599051,56185.71,59275.92,5.5,0.89
23409201669611,33464.3,33464.3,0.0,0.92
26887630140242,5274.54,6329.45,20.0,0.97
44948149255069,18105.94,21727.13,20.0,0.96
67890123456789,5454.06,6544.87,20.0,0.9
56789012345678,21865.91,26239.09,20.0,0.98
90123456789012,27063.33,32476.0,20.0,0.95
11223344556677,35166.66,35166.66,0.0,0.84
70641076020424,11171.92,13406.3,20.0,0.91
32345678901234,55102.34,66122.81,20.0,0.94
10000000410009,49787.13,59744.56,20.0,0.89
67890123456789,33117.87,39741.44,20.0,0.91
89012345678901,4399.87,5279.84,20.0,0.92
67890123456789,23907.18,28688.62,20.0,0.9
46216553250029,9801.77,9801.77,0.0,0.91
29068337454957,21507.39,21507.39,0.0,0.97
90123456789012,16527.75,19833.3,20.0,0.92
32345678901234,105545.02,126654.02,20.0,0.94
69527714173091,10032.83,12039.4,20.0,0.93
89012345678901,3747.85,4497.42,20.0,0.95
10000000410009,28300.33,33960.4,20.0,0.87
47827169674978,12314.73,14777.68,20.0,0.95
84440783517850,20999.12,25198.94,20.0,0.96
56789012345678,14946.68,17936.02,20.0,0.94
78901234567890,219.7,231.78,5.5,0.91
89602632362745,9825.51,11790.61,20.0,0.93
56928354218575,40941.96,49130.35,20.0,0.99
44306184100047,6068.13,7281.76,20.0,0.99
67890123456789,10678.51,12814.21,20.0,0.91
30774148775490,22655.69,27186.83,20.0,0.97
15176994661299,16917.31,20300.77,20.0,0.98
40680767603859,8742.25,9223.07,5.5,0.98
37007766419082,7138.72,8566.46,20.0,0.93
11223344556677,71735.02,71735.02,0.0,0.99
10000000410009,47468.55,56962.26,20.0,0.96
60016405617113,37551.34,39616.66,5.5,0.96
44306184100047,5898.16,7077.79,20.0,0.9
47409091827506,7215.66,8658.79,20.0,0.86
67890123456789,22307.89,26769.47,20.0,0.91
45678901234567,1013.27,1114.6,10.0,0.96
11294483009856,32343.75,38812.5,20.0,0.9
56789012345678,10218.59,12262.31,20.0,0.95
10000000410009,19843.09,23811.71,20.0,0.91
94112586188814,31434.95,34578.45,10.0,0.96
70628193592780,29573.56,29573.56,0.0,0.96
45678901234567,375.86,413.45,10.0,0.95
56827346230581,43071.42,43071.42,0.0,0.96
67890123456789,20300.62,24360.74,20.0,0.9
13652133776023,17128.45,20554.14,20.0,0.98
11223344556677,74873.39,74873.39,0.0,0.86
90123456789012,45826.25,54991.5,20.0,0.92
10000000410009,34294.28,41153.14,20.0,0.93
90123456789012,12520.9,15025.08,20.0,0.95
76249995063437,54207.22,54207.22,0.0,0.94
67890123456789,18539.56,22247.47,20.0,0.99
35058793375785,23301.09,24582.65,5.5,0.9
59764908952544,4066.16,4289.8,5.5,0.91
32345678901234,43753.02,52503.62,20.0,0.93
56789012345678,23745.13,28494.16,20.0,0.94
32345678901234,70383.87,84460.64,20.0,0.91
32345678901234,110397.43,132476.92,20.0,0.86
97986233347112,20541.27,20541.27,0.0,0.82
58472131317577,48872.26,53759.49,10.0,0.92
85771897698376,19634.4,23561.28,20.0,0.91
11223344556677,99641.24,99641.24,0.0,0.88
19397028939163,41912.84,50295.41,20.0,0.99
38417505178869,17684.42,21221.3,20.0,0.87
26063569350435,42402.98,50883.58,20.0,0.9
78901234567890,96.62,101.93,5.5,0.99
10000000410009,48083.25,57699.9,20.0,0.9
26301644342484,346.18,346.18,0.0,0.95
56789012345678,19917.39,23900.87,20.0,0.92
61408282658859,20963.64,23060.0,10.0,0.96
89012345678901,2917.26,3500.71,20.0,0.89
32345678901234,85605.47,102726.56,20.0,0.9
56789012345678,13358.22,16029.86,20.0,0.98
44306184100047,1646.31,1975.57,20.0,0.95
78901234567890,363.76,436.51,20.0,0.91
10000000410009,37667.22,45200.66,20.0,0.94
10000000410009,49996.77,59996.12,20.0,0.92
89012345678901,1591.11,1909.33,20.0,0.97
79227053275129,54416.91,65300.29,20.0,0.9
91853439482857,33979.27,40775.12,20.0,0.89
89335712566317,15700.54,18840.65,20.0,0.91
32345678901234,102981.78,123578.14,20.0,0.89
31557389175295,3126.14,3751.37,20.0,0.99
11673556806760,28373.04,34047.65,20.0,0.89
88720926191460,5200.61,6240.73,20.0,0.98
46020131067389,3040.23,3207.44,5.5,0.92
50583913970832,57499.56,57499.56,0.0,0.95
45678901234567,2349.79,2479.03,5.5,0.89
27668078400363,8143.22,8143.22,0.0,0.91
49869339607372,34487.57,36384.39,5.5,0.98
99165816910972,43552.32,43552.32,0.0,0.89
21002175719660,47173.81,49768.37,5.5,0.89
10000000410009,44870.68,53844.82,20.0,0.87
22551607775511,1328.67,1401.75,5.5,0.96
45678901234567,1314.5,1445.95,10.0,0.93
45678901234567,2430.91,2564.61,5.5,0.94
36608574453826,3870.68,4083.57,5.5,0.95
78901234567890,416.47,499.76,20.0,0.99
94414309767902,7424.38,8166.82,10.0,0.9
68143183824762,39647.68,39647.68,0.0,0.99
66328252240532,21430.23,25716.28,20.0,0.88
56789012345678,7086.23,8503.48,20.0,0.95
10000000410009,34807.48,41768.98,20.0,0.95
32345678901234,29323.01,35187.61,20.0,0.93
39552911516651,32122.24,32122.24,0.0,0.9
11223344556677,58846.07,58846.07,0.0,0.93
89012345678901,1046.31,1255.57,20.0,0.96
10000000410009,15537.17,18644.6,20.0,0.96
56789012345678,12657.18,15188.62,20.0,0.97
90123456789012,56970.21,68364.25,20.0,0.97
56789012345678,21333.98,25600.78,20.0,0.99
90123456789012,72972.77,87567.32,20.0,0.83
14047167801770,44693.17,44693.17,0.0,0.94
32345678901234,87396.87,104876.24,20.0,0.94
26039257384084,37092.02,37092.02,0.0,0.93
71030573815660,22798.62,27358.34,20.0,0.93
90123456789012,12365.18,14838.22,20.0,0.95
45678901234567,2643.89,2789.3,5.5,0.94
44306184100047,1226.98,1472.38,20.0,0.92
55266900037438,11094.37,13313.24,20.0,0.99
75930569607305,7956.4,8752.04,10.0,0.99
56789012345678,10119.24,12143.09,20.0,0.99
32345678901234,83661.79,100394.15,20.0,0.89
67890123456789,4994.66,5993.59,20.0,0.93
78901234567890,1192.73,1258.33,5.5,0.93
93079500950442,53807.39,56766.8,5.5,0.94
10000000410009,42995.39,51594.47,20.0,0.91
31001516536803,41146.1,49375.32,20.0,0.91
11223344556677,25062.43,25062.43,0.0,0.9
89012345678901,3708.57,4450.28,20.0,0.95
11223344556677,54172.48,54172.48,0.0,0.88
45678901234567,2510.66,2648.75,5.5,0.92
58542942943422,21146.17,25375.4,20.0,0.94
11223344556677,26552.23,26552.23,0.0,0.93
36999342652342,50875.26,50875.26,0.0,0.86
18530961630999,19168.35,23002.02,20.0,0.89
98585249431618,39933.22,42129.55,5.5,0.93
56789012345678,16066.77,19280.12,20.0,0.97
45678901234567,1871.35,2058.49,10.0,0.99
67890123456789,26343.74,31612.49,20.0,0.87
78901234567890,1017.45,1073.41,5.5,0.96
32345678901234,54089.6,64907.52,20.0,0.9
32345678901234,78456.01,94147.21,20.0,0.93
73348120326468,18942.1,22730.52,20.0,0.92
56789012345678,20396.89,24476.27,20.0,0.99
56789012345678,16151.27,19381.52,20.0,0.96
89012345678901,3705.63,4446.76,20.0,0.93
10000000410009,36936.2,44323.44,20.0,0.88
74391455689564,39312.58,47175.1,20.0,0.97
70525260040283,59741.58,63027.37,5.5,0.9
44306184100047,1192.24,1430.69,20.0,0.91
57310017282831,25621.94,25621.94,0.0,0.82
82644442866490,47696.98,52466.68,10.0,0.97
32345678901234,64220.81,77064.97,20.0,0.92
54151158697081,54562.93,54562.93,0.0,0.97
92008489036312,586.34,703.61,20.0,0.91
11223344556677,42376.6,42376.6,0.0,0.89
32345678901234,77575.92,93091.1,20.0,0.9
45678901234567,1650.69,1815.76,10.0,0.96
11223344556677,26734.38,26734.38,0.0,0.93
49142387782756,37223.99,44668.79,20.0,0.94
92338440517981,26989.8,32387.76,20.0,0.91
67890123456789,32735.79,39282.95,20.0,0.93
89164079611571,2613.97,2613.97,0.0,0.94
52592979047432,13046.78,14351.46,10.0,0.95
89012345678901,4907.16,5888.59,20.0,0.88
11223344556677,11325.24,11325.24,0.0,0.91
44306184100047,4969.16,5962.99,20.0,0.86
90123456789012,13596.69,16316.03,20.0,0.98
32345678901234,57619.44,69143.33,20.0,0.93
90123456789012,39852.59,47823.11,20.0,0.91
10000000410009,16004.5,19205.4,20.0,0.93
10000000410009,37664.01,45196.81,20.0,0.91
47121087590745,31066.66,37279.99,20.0,0.91
10000000410009,17659.88,21191.86,20.0,0.95
32345678901234,21578.11,25893.73,20.0,0.96
89012345678901,3460.65,4152.78,20.0,0.9
78901234567890,485.31,582.37,20.0,0.93
44306184100047,5116.36,6139.63,20.0,0.89
67890123456789,6287.97,7545.56,20.0,0.98
45145411669778,22541.22,23780.99,5.5,0.86
67890123456789,22202.16,26642.59,20.0,0.88
90123456789012,53350.59,64020.71,20.0,0.94
24138625187394,44083.24,48491.56,10.0,0.92
33380240453817,4880.61,4880.61,0.0,0.96
10000000410009,26895.63,32274.76,20.0,0.86
32345678901234,50886.61,61063.93,20.0,0.88
39495334377375,26376.98,31652.38,20.0,0.95
56789012345678,12098.32,14517.98,20.0,0.99
89012345678901,4023.62,4828.34,20.0,0.89
78901234567890,901.89,951.49,5.5,0.96
44306184100047,6939.45,8327.34,20.0,0.96
11223344556677,82014.53,82014.53,0.0,0.95
11223344556677,27366.88,27366.88,0.0,0.89
32345678901234,34075.7,40890.84,20.0,0.94
32345678901234,26591.19,31909.43,20.0,0.87
32345678901234,81059.54,97271.45,20.0,0.91
89012345678901,3030.34,3636.41,20.0,0.9
67890123456789,33975.19,40770.23,20.0,0.89
29693238795990,2238.33,2238.33,0.0,0.94
29478347162284,15972.79,19167.35,20.0,0.95
10000000410009,45105.83,54127.0,20.0,0.93
56789012345678,15260.31,18312.37,20.0,0.93
80549040839519,16625.11,16625.11,0.0,0.87
43237438215672,10467.82,12561.38,20.0,0.91
90123456789012,71907.89,86289.47,20.0,0.96
54955162490481,27144.24,32573.09,20.0,0.95
81022875629701,48267.19,57920.63,20.0,0.91
32345678901234,116738.41,140086.09,20.0,0.91
81113588990780,36602.71,43923.25,20.0,0.93
67890123456789,32358.98,38830.78,20.0,0.87
52124045005710,19437.03,23324.44,20.0,0.96
67890123456789,15339.82,18407.78,20.0,0.91
10000000410009,25194.08,30232.9,20.0,0.93
12143680284374,57502.05,69002.46,20.0,0.9
67890123456789,34067.79,40881.35,20.0,0.85
45678901234567,760.5,802.33,5.5,0.97
52599584273976,41310.25,43582.31,5.5,0.94
52668890489044,48524.03,51192.85,5.5,0.93
32345678901234,80899.49,97079.39,20.0,0.93
89012345678901,4210.43,5052.52,20.0,0.99
56789012345678,17800.89,21361.07,20.0,0.95
48483437246050,59811.23,71773.48,20.0,0.88
78901234567890,1712.34,2054.81,20.0,0.98
90123456789012,34633.49,41560.19,20.0,0.91
42116851538067,8365.86,10039.03,20.0,0.88
89012345678901,3660.93,4393.12,20.0,0.9
55649488831657,58886.81,70664.17,20.0,0.99
59007636362489,18763.25,20639.58,10.0,0.96
36880743169669,18002.33,21602.8,20.0,0.89
52127277231627,33940.06,40728.07,20.0,0.92
44306184100047,4992.08,5990.5,20.0,0.99
56789012345678,6412.67,7695.2,20.0,0.99
83155644575093,58362.4,70034.88,20.0,0.91
56789012345678,16635.18,19962.22,20.0,0.97
44306184100047,5579.88,6695.86,20.0,0.97
10000000410009,18193.48,21832.18,20.0,0.89
56789012345678,5557.28,6668.74,20.0,0.95
45678901234567,2526.93,2665.91,5.5,0.96
48058276317651,52415.63,52415.63,0.0,0.86
44306184100047,1407.53,1689.04,20.0,0.95
54564553918697,34514.06,41416.87,20.0,0.93
11223344556677,33886.48,33886.48,0.0,0.94
75435026855916,31065.28,37278.34,20.0,0.96
52261471152012,50662.91,60795.49,20.0,0.94
90123456789012,11895.92,14275.1,20.0,0.97
23487922525076,37076.39,44491.67,20.0,0.94
45678901234567,2484.1,2732.51,10.0,0.93
18429417741911,31383.95,34522.35,10.0,0.9
56789012345678,9594.55,11513.46,20.0,0.98
56789012345678,15495.16,18594.19,20.0,0.96
84651449985563,52229.64,52229.64,0.0,0.89
78193801785895,24069.89,28883.87,20.0,0.97
44306184100047,6164.49,7397.39,20.0,0.92
32345678901234,102468.98,122962.78,20.0,0.89
78901234567890,231.55,244.29,5.5,0.95
32345678901234,22502.46,27002.95,20.0,0.92
45678901234567,2219.92,2441.91,10.0,0.97
11223344556677,27088.25,27088.25,0.0,0.92
56789012345678,14682.91,17619.49,20.0,0.99
44306184100047,5046.57,6055.88,20.0,0.91
56789012345678,9316.0,11179.2,20.0,0.96
29154012671288,284.24,299.87,5.5,0.91
32345678901234,77481.19,92977.43,20.0,0.97
32345678901234,87011.64,104413.97,20.0,0.89
10000000410009,35864.44,43037.33,20.0,0.91
42788853464897,15449.01,16993.91,10.0,0.96
85146893937907,57900.74,69480.89,20.0,0.87
44306184100047,3152.59,3783.11,20.0,0.9
39413361442672,44426.78,46870.25,5.5,0.94
45678901234567,1671.34,1838.47,10.0,0.98
45678901234567,2946.29,3240.92,10.0,0.91
45678901234567,560.26,591.07,5.5,0.91
56687614716006,28786.61,30369.87,5.5,0.88
65945447425181,29752.05,35702.46,20.0,0.99
67890123456789,5803.13,6963.76,20.0,0.89
78901234567890,536.6,643.92,20.0,0.98
72147801432589,42952.48,42952.48,0.0,0.94
17376365755521,35932.5,35932.5,0.0,0.94
45678901234567,829.63,912.59,10.0,0.96
66899686628083,7453.45,8944.14,20.0,0.98
90123456789012,51208.16,61449.79,20.0,0.97
45678901234567,1118.3,1230.13,10.0,0.99
11223344556677,71956.59,71956.59,0.0,0.91
11223344556677,33620.7,33620.7,0.0,0.98
10000000410009,49893.09,59871.71,20.0,0.9
71607721789156,45068.59,54082.31,20.0,0.85
45678901234567,497.32,524.67,5.5,0.91
54539296024830,32790.13,39348.16,20.0,0.95
52658684499424,17192.64,20631.17,20.0,0.95
11223344556677,38506.56,38506.56,0.0,0.93
44306184100047,7447.75,8937.3,20.0,0.96
67890123456789,16711.18,20053.42,20.0,0.88
44306184100047,5972.99,7167.59,20.0,0.91
11223344556677,66261.91,66261.91,0.0,0.88
78901234567890,1838.66,2206.39,20.0,0.99
32345678901234,47501.6,57001.92,20.0,0.9
67890123456789,9907.77,11889.32,20.0,0.96
45204372177213,13643.1,16371.72,20.0,0.96
17711364321431,18158.12,21789.74,20.0,0.91
47496741609335,9181.29,10099.42,10.0,0.93
65418047830369,33408.0,40089.6,20.0,0.99
32345678901234,78638.31,94365.97,20.0,0.9
87705701580879,7234.29,7632.18,5.5,0.99
78901234567890,1838.99,2206.79,20.0,0.98
35191977203829,19377.21,21314.93,10.0,0.88
37360833214000,37916.94,41708.63,10.0,0.92
36344513375699,12743.0,12743.0,0.0,0.99
52933396053482,27426.6,30169.26,10.0,0.95
60534911143118,54098.4,59508.24,10.0,0.96
58393411896358,26342.83,31611.4,20.0,0.95
75338258045806,29137.08,29137.08,0.0,0.98
22939101786375,3507.23,4208.68,20.0,0.89
36451754851654,6495.61,6852.87,5.5,0.92
78901234567890,1409.53,1487.05,5.5,0.99
45678901234567,2313.9,2441.16,5.5,0.93
11223344556677,46642.12,46642.12,0.0,0.91
45473328249163,8039.07,8842.98,10.0,0.93
69574239178689,44192.64,48611.9,10.0,0.87
25027645870803,37873.96,41661.36,10.0,0.85
44027521530220,26203.73,31444.48,20.0,0.96
90123456789012,32166.72,38600.06,20.0,0.96
11223344556677,35808.6,35808.6,0.0,0.91
66978872486411,46595.26,55914.31,20.0,0.87
56789012345678,15583.13,18699.76,20.0,0.95
45678901234567,384.09,422.5,10.0,0.99
90123456789012,44203.35,53044.02,20.0,0.94
32345678901234,116839.86,140207.83,20.0,0.89
45678901234567,1087.71,1196.48,10.0,0.88
89012345678901,3586.09,4303.31,20.0,0.9
66580517886721,19521.67,23426.0,20.0,0.91
11286992267409,21797.32,26156.78,20.0,0.99
45678901234567,2175.5,2393.05,10.0,0.93
10000000410009,39682.98,47619.58,20.0,0.93
42189176260234,54420.0,65304.0,20.0,0.9
54721306018640,36230.0,43476.0,20.0,0.92
21173107777135,36112.87,36112.87,0.0,0.89
56789012345678,22324.79,26789.75,20.0,0.99
90123456789012,23275.27,27930.32,20.0,0.92
56789012345678,6020.01,7224.01,20.0,0.96
56789012345678,17350.57,20820.68,20.0,0.91
44306184100047,3051.88,3662.26,20.0,0.95
88863789261978,58510.06,64361.07,10.0,0.87
89012345678901,4633.02,5559.62,20.0,0.89
57500210965468,39486.16,47383.39,20.0,0.88
41540358546474,29233.28,32156.61,10.0,0.94
89012345678901,2714.89,3257.87,20.0,0.89
32345678901234,58741.66,70489.99,20.0,0.96
11223344556677,69582.03,69582.03,0.0,0.93
89012345678901,2700.64,3240.77,20.0,0.9
90123456789012,62787.07,75344.48,20.0,0.95
56789012345678,14952.61,17943.13,20.0,0.99
39790400774843,48445.51,58134.61,20.0,0.92
56789012345678,22001.8,26402.16,20.0,0.95
11223344556677,87582.1,87582.1,0.0,0.86
69399632240198,20694.58,21832.78,5.5,0.91
21362280007311,480.34,506.76,5.5,0.88
56789012345678,21450.84,25741.01,20.0,0.97
56789012345678,10275.05,12330.06,20.0,0.93
10000000410009,20333.38,24400.06,20.0,0.93
32345678901234,98843.15,118611.78,20.0,0.93
11223344556677,62622.72,62622.72,0.0,0.92
45678901234567,1643.07,1807.38,10.0,0.95
11223344556677,60276.76,60276.76,0.0,0.91
32345678901234,52671.91,63206.29,20.0,0.92
11223344556677,95647.96,95647.96,0.0,0.97
89012345678901,3550.89,4261.07,20.0,0.92
32345678901234,25689.01,30826.81,20.0,0.96
78901234567890,1698.73,1792.16,5.5,0.98
45678901234567,1545.65,1700.22,10.0,0.94
56789012345678,9494.23,11393.08,20.0,0.95
35269280652309,47192.01,56630.41,20.0,0.97
45678901234567,1092.32,1152.4,5.5,0.97
19308072717999,10706.98,12848.38,20.0,0.89
78901234567890,816.26,861.15,5.5,0.91
89012345678901,3152.63,3783.16,20.0,0.92
11223344556677,81709.06,81709.06,0.0,0.88
56789012345678,17986.22,21583.46,20.0,0.99
65470846512335,36729.14,44074.97,20.0,0.89
57478399054294,48710.11,58452.13,20.0,0.99
78901234567890,353.05,423.66,20.0,0.95
44306184100047,6720.11,8064.13,20.0,0.99
78901234567890,1437.72,1725.26,20.0,0.99
44306184100047,4290.16,5148.19,20.0,0.9
45678901234567,613.77,647.53,5.5,0.99
33543454111738,12730.32,15276.38,20.0,0.9
97761920774872,24636.74,25991.76,5.5,0.99
32345678901234,80500.58,96600.7,20.0,0.94
90123456789012,50254.02,60304.82,20.0,0.9
82977372675754,761.72,837.89,10.0,0.96
32345678901234,101096.68,121316.02,20.0,0.9
10000000410009,47511.05,57013.26,20.0,0.88
44306184100047,3937.14,4724.57,20.0,0.96
45678901234567,1214.02,1280.79,5.5,0.91
38471703127909,8439.88,10127.86,20.0,0.99
89012345678901,2518.61,3022.33,20.0,0.95
23122433531597,10368.28,12441.94,20.0,0.92
10000000410009,20478.64,24574.37,20.0,0.88
